Workbook

Sheet Ex. 1
A1: products | E1: fuel A | F1: fuel B | G1: heat | H1: electricity | I1: product A | J1: product B
B2: technologies | L2: refinery | M2: gas boiler | N2: chp plant | O2: pv plant | P2: industries
C3: environmental transactions
D4: unit | E4: MWh | F4: MWh | G4: MWh | H4: MWh | I4: ton | J4: ton | L4: MWh | M4: MWh | N4: MWh | O4: MWh | P4: ton
A6: a) Draw the reference production system (RPS)
A19: b) Build the related Supply-Use Table (SUT)
L20: U | R20: Y | T20: Q = sum(U,Y)
A21: fuel A | D21: MWh
A22: fuel B | D22: MWh
A23: heat | D23: MWh
A24: electricity | D24: MWh
A25: product A | D25: ton
A26: product B | D26: ton
E27: S | T27: X = sum(S)
B28: refinery | D28: MWh
B29: gas boiler | D29: MWh
B30: chp plant | D30: MWh
B31: pv plant | D31: MWh
B32: industries | D32: ton
E33: Q'
E34: =SUM(E28:E32) -> 0 | F34: =SUM(F28:F32) -> 0 | G34: =SUM(G28:G32) -> 0 | H34: =SUM(H28:H32) -> 0 | I34: =SUM(I28:I32) -> 0 | J34: =SUM(J28:J32) -> 0
A36: c) Calculate the market share and product mix matrices. Comment on the results: what do these two matrices mean?
L38: u=U*inv(diag(X)) | V38: c=S'*inv(diag(X))
A39: fuel A | D39: MWh | V39: {=MMULT(TRANSPOSE(E28:J32),MINVERSE(_xlfn.MUNIT(5)*T28:T32))} -> #NUM! | W39: #NUM! | X39: #NUM! | Y39: #NUM! | Z39: #NUM!
A40: fuel B | D40: MWh | V40: #NUM! | W40: #NUM! | X40: #NUM! | Y40: #NUM! | Z40: #NUM!
A41: heat | D41: MWh | V41: #NUM! | W41: #NUM! | X41: #NUM! | Y41: #NUM! | Z41: #NUM!
A42: electricity | D42: MWh | V42: #NUM! | W42: #NUM! | X42: #NUM! | Y42: #NUM! | Z42: #NUM!
A43: product A | D43: ton | V43: #NUM! | W43: #NUM! | X43: #NUM! | Y43: #NUM! | Z43: #NUM!
A44: product B | D44: ton | V44: #NUM! | W44: #NUM! | X44: #NUM! | Y44: #NUM! | Z44: #NUM!
E45: d=S*inv(diag(Q)
B46: oil refinery | D46: MWh | E46: {=MMULT(E28:J32,MINVERSE(_xlfn.MUNIT(6)*T21:T26))} -> #NUM! | F46: #NUM! | G46: #NUM! | H46: #NUM! | I46: #NUM! | J46: #NUM!
B47: boiler | D47: MWh | E47: #NUM! | F47: #NUM! | G47: #NUM! | H47: #NUM! | I47: #NUM! | J47: #NUM!
B48: chp plant | D48: MWh | E48: #NUM! | F48: #NUM! | G48: #NUM! | H48: #NUM! | I48: #NUM! | J48: #NUM!
B49: pv plant | D49: MWh | E49: #NUM! | F49: #NUM! | G49: #NUM! | H49: #NUM! | I49: #NUM! | J49: #NUM!
B50: industry | D50: ton | E50: #NUM! | F50: #NUM! | G50: #NUM! | H50: #NUM! | I50: #NUM! | J50: #NUM!
A52: d) Calculate the Leontief Inverse matrix (or matrices?)
A54: Suggested reading: Lenzen and Rueda Cantuce, 2012. https://core.ac.uk/download/pdf/13324962.pdf
A56: N.B. This decomposition of the Leontief inverse matrix goes beyond the scope of the course (only wcc is required), but it may be useful for your projects.
A58: industry-based technology assumption | T58: IOT approach: you can treat a SUT with the same math as a IOT
E59: fuel A | F59: fuel B | G59: heat | H59: electricity | I59: product A | J59: product B | V59: fuel A | W59: fuel B | X59: heat | Y59: electricity | Z59: product A | AA59: product B | AH59: fuel A | AI59: fuel B | AJ59: heat | AK59: electricity | AL59: product A | AM59: product B
K60: refinery | L60: boiler | M60: chp plant | N60: pv plant | O60: industry | AB60: refinery | AC60: boiler | AD60: chp plant | AE60: pv plant | AF60: industry | AN60: refinery | AO60: boiler | AP60: chp plant | AQ60: pv plant | AR60: industry
U62: z | AB62: u | AH62: w = inv(I - z)
A63: fuel A | D63: wcc = inv(I-u d) | E63: {=MINVERSE(_xlfn.MUNIT(6)-MMULT(L39:P44,E46:J50))} -> #VALUE! | K63: {=MMULT(_xlfn.ANCHORARRAY(E63),L39:P44)} -> #VALUE! | P63: wca = inv(I - ud) u | V63: 0 | W63: 0 | X63: 0 | Y63: 0 | Z63: 0 | AA63: 0 | AB63: {=L39:P44} -> 0 | AC63: 0 | AD63: 0 | AE63: 0 | AF63: 0 | AH63: {=MINVERSE(_xlfn.MUNIT(11)-V63:AF73)} -> #NUM!
A64: fuel B | D64: product by product | P64: product by technology | V64: 0 | W64: 0 | X64: 0 | Y64: 0 | Z64: 0 | AA64: 0 | AB64: 0 | AC64: 0 | AD64: 0 | AE64: 0 | AF64: 0
A65: heat | V65: 0 | W65: 0 | X65: 0 | Y65: 0 | Z65: 0 | AA65: 0 | AB65: 0 | AC65: 0 | AD65: 0 | AE65: 0 | AF65: 0
A66: electricity | V66: 0 | W66: 0 | X66: 0 | Y66: 0 | Z66: 0 | AA66: 0 | AB66: 0 | AC66: 0 | AD66: 0 | AE66: 0 | AF66: 0
A67: product A | V67: 0 | W67: 0 | X67: 0 | Y67: 0 | Z67: 0 | AA67: 0 | AB67: 0 | AC67: 0 | AD67: 0 | AE67: 0 | AF67: 0
A68: product B | V68: 0 | W68: 0 | X68: 0 | Y68: 0 | Z68: 0 | AA68: 0 | AB68: 0 | AC68: 0 | AD68: 0 | AE68: 0 | AF68: 0
B69: oil refinery | D69: wac = inv(I - du) d | E69: {=MMULT(MINVERSE(_xlfn.MUNIT(5)-MMULT(E46:J50,L39:P44)),E46:J50)} -> #NUM! | K69: {=MINVERSE(_xlfn.MUNIT(5)-MMULT(E46:J50,L39:P44))} -> #NUM! | P69: waa = inv(I - du) | U69: d | V69: {=E46:J50} -> #NUM! | W69: #NUM! | X69: #NUM! | Y69: #NUM! | Z69: #NUM! | AA69: #NUM! | AB69: 0 | AC69: 0 | AD69: 0 | AE69: 0 | AF69: 0
B70: boiler | D70: technology by product | P70: technology by technology | V70: #NUM! | W70: #NUM! | X70: #NUM! | Y70: #NUM! | Z70: #NUM! | AA70: #NUM! | AB70: 0 | AC70: 0 | AD70: 0 | AE70: 0 | AF70: 0
B71: chp plant | V71: #NUM! | W71: #NUM! | X71: #NUM! | Y71: #NUM! | Z71: #NUM! | AA71: #NUM! | AB71: 0 | AC71: 0 | AD71: 0 | AE71: 0 | AF71: 0
B72: pv plant | V72: #NUM! | W72: #NUM! | X72: #NUM! | Y72: #NUM! | Z72: #NUM! | AA72: #NUM! | AB72: 0 | AC72: 0 | AD72: 0 | AE72: 0 | AF72: 0
B73: industry | V73: #NUM! | W73: #NUM! | X73: #NUM! | Y73: #NUM! | Z73: #NUM! | AA73: #NUM! | AB73: 0 | AC73: 0 | AD73: 0 | AE73: 0 | AF73: 0
A76: product-based technology assumption | E76: c is not invertible!
A79: e) Calculate PBA and CBA environmental coefficients
L80: E
C81: CO2 emissions | D81: ton | L81: 25 | M81: 8 | N81: 20 | O81: 0 | P81: 5
L82: e = E inv(diag(X))
C83: CO2 emissions | D83: ton | R83: PBA
E84: for commodities: f = r d wcc | L84: for activities: f = r waa
C85: CO2 emissions | D85: ton | R85: CBA
E87: f_ex = diag(e) d wcc | L87: f_ex = diag(e) waa
B88: oil refinery | E88: {=MMULT(_xlfn.MUNIT(5)*_xlfn.ANCHORARRAY(L83),MMULT(E46:J50,_xlfn.ANCHORARRAY(E63)))} -> #VALUE! | L88: {=MMULT(_xlfn.MUNIT(5)*_xlfn.ANCHORARRAY(L83),_xlfn.ANCHORARRAY(K69))} -> #NUM! | R88: exploding impact by origin activity
B89: boiler
B90: chp plant
B91: pv plant
B92: industry

Sheet Ex. 2
A1: products | E1: aluminium | F1: waste management service | G1: goods | R1: aluminium | S1: waste management service | T1: goods
B2: technologies | I2: aluminium production | J2: waste management | K2: manufacturing | V2: aluminium production | W2: waste management | X2: manufacturing
C3: environmental transactions
D4: units
A5: 1. Define the Reference Production System (RPS) and the Supply and Use Table (SUT) and calculate the total demand by product and total activity by technology.
I6: U | M6: Y | O6: Q = sum(U,Y)
A7: aluminium | D7: kg | O7: =SUM(M7,I7:K7) -> 0
A8: waste management service | D8: kg | O8: =SUM(M8,I8:K8) -> 0
A9: goods | D9: kg | O9: =SUM(M9,I9:K9) -> 0
E10: S | O10: X = sum(V)
B11: aluminium production | D11: kg | O11: =SUM(E11:G11) -> 0
B12: waste management | D12: kg | O12: =SUM(E12:G12) -> 0
B13: manufacturing | D13: kg | O13: =SUM(E13:G13) -> 0
I14: E
C15: electricity | D15: kWh
C16: scraps | D16: kg
A18: 2. Calculate market share and product mix matrices.
I20: u=U*inv(diag(X)) | V20: c=S'*inv(diag(X))
A21: aluminium | D21: kg | I21: {=MMULT(I7:K9,MINVERSE(_xlfn.MUNIT(3)*O11:O13))} -> #NUM! | J21: #NUM! | K21: #NUM! | V21: {=MMULT(TRANSPOSE(E11:G13),MINVERSE(_xlfn.MUNIT(3)*O11:O13))} -> #NUM! | W21: #NUM! | X21: #NUM!
A22: waste management service | D22: kg | I22: #NUM! | J22: #NUM! | K22: #NUM! | V22: #NUM! | W22: #NUM! | X22: #NUM!
A23: goods | D23: kg | I23: #NUM! | J23: #NUM! | K23: #NUM! | V23: #NUM! | W23: #NUM! | X23: #NUM!
E24: d=S*inv(diag(Q) | R24: inv(c)
B25: aluminium production | D25: kg | E25: {=MMULT(E11:G13,MINVERSE(_xlfn.MUNIT(3)*O7:O9))} -> #NUM! | F25: #NUM! | G25: #NUM! | R25: {=MINVERSE(V21:X23)} -> #NUM! | S25: #NUM! | T25: #NUM!
B26: waste management | D26: kg | E26: #NUM! | F26: #NUM! | G26: #NUM! | R26: #NUM! | S26: #NUM! | T26: #NUM!
B27: manufacturing | D27: kg | E27: #NUM! | F27: #NUM! | G27: #NUM! | R27: #NUM! | S27: #NUM! | T27: #NUM!
I28: r=E*inv(diag(X))
C29: electricity | D29: kWh | I29: {=MMULT(I15:K16,MINVERSE(_xlfn.MUNIT(3)*O11:O13))} -> #NUM! | J29: #NUM! | K29: #NUM!
C30: scraps | D30: kg | I30: #NUM! | J30: #NUM! | K30: #NUM!
A32: 3. Calculate the electricity embodied within delivered products by using the two assumptions
E34: w_it = inv(I-u d)
A35: aluminium | D35: kg | E35: {=MINVERSE(_xlfn.MUNIT(3)-MMULT(I21:K23,E25:G27))} -> #NUM! | F35: #NUM! | G35: #NUM! | I35: industry-based tech assumption
A36: waste management service | D36: kg | E36: #NUM! | F36: #NUM! | G36: #NUM!
A37: goods | D37: kg | E37: #NUM! | F37: #NUM! | G37: #NUM!
E38: f_it = r d w_it
C39: electricity | D39: kWh | E39: {=MMULT(I29:K30,MMULT(E25:G27,E35:G37))} -> #NUM! | F39: #NUM! | G39: #NUM!
C40: scraps | D40: kg | E40: #NUM! | F40: #NUM! | G40: #NUM!
E42: wca = inv(I-u inv(c))
B43: aluminium production | D43: kg | E43: {=MINVERSE(_xlfn.MUNIT(3)-MMULT(I21:K23,MINVERSE(V21:X23)))} -> #NUM! | F43: #NUM! | G43: #NUM! | I43: product-based tech assumption
B44: waste management | D44: kg | E44: #NUM! | F44: #NUM! | G44: #NUM!
B45: manufacturing | D45: kg | E45: #NUM! | F45: #NUM! | G45: #NUM!
E46: f_pt = r inv(c) wca
C47: electricity | D47: kWh | E47: {=MMULT(I29:K30,MMULT(MINVERSE(V21:X23),E43:G45))} -> #NUM! | F47: #NUM! | G47: #NUM!
C48: scraps | D48: kg | E48: #NUM! | F48: #NUM! | G48: #NUM!
A50: 4. Which assumption provides the more realistic behaviour of the system?
A52: We now have our model. Let's play with the final demand vector
I53: u | V53: c
A54: aluminium | D54: kg | I54: {=I21:K23} -> #NUM! | J54: #NUM! | K54: #NUM! | V54: {=V21:X23} -> #NUM! | W54: #NUM! | X54: #NUM!
A55: waste management service | D55: kg | I55: #NUM! | J55: #NUM! | K55: #NUM! | V55: #NUM! | W55: #NUM! | X55: #NUM!
A56: goods | D56: kg | I56: #NUM! | J56: #NUM! | K56: #NUM! | V56: #NUM! | W56: #NUM! | X56: #NUM!
E57: d | R57: inv(c)
B58: aluminium production | D58: kg | E58: {=E25:G27} -> #NUM! | F58: #NUM! | G58: #NUM! | R58: {=MINVERSE(V54:X56)} -> #NUM! | S58: #NUM! | T58: #NUM!
B59: waste management | D59: kg | E59: #NUM! | F59: #NUM! | G59: #NUM! | R59: #NUM! | S59: #NUM! | T59: #NUM!
B60: manufacturing | D60: kg | E60: #NUM! | F60: #NUM! | G60: #NUM! | R60: #NUM! | S60: #NUM! | T60: #NUM!
I61: e
C62: electricity | D62: kWh | I62: {=I29:K30} -> #NUM! | J62: #NUM! | K62: #NUM!
C63: scraps | D63: kg | I63: #NUM! | J63: #NUM! | K63: #NUM!
A65: Recalculate extensive matrices
E66: industry-based tech assumption | R66: product-based tech assumption
I67: U_it=u*diag(X_it) | M67: Y | O67: Q_it=w_it*Y | V67: U_pt=u*diag(X_pt) | AB67: Q_pt=wca*Y
A68: aluminium | D68: kg | I68: {=MMULT(I54:K56,_xlfn.MUNIT(3)*O72:O74)} -> #NUM! | J68: #NUM! | K68: #NUM! | M68: 130 | O68: {=MMULT(E35:G37,M68:M70)} -> #NUM! | V68: {=MMULT(I54:K56,_xlfn.MUNIT(3)*AB72:AB74)} -> #NUM! | W68: #NUM! | X68: #NUM! | AB68: {=MMULT(E43:G45,M68:M70)} -> #NUM!
A69: waste management service | D69: kg | I69: #NUM! | J69: #NUM! | K69: #NUM! | M69: 0 | O69: #NUM! | V69: #NUM! | W69: #NUM! | X69: #NUM! | AB69: #NUM!
A70: goods | D70: kg | I70: #NUM! | J70: #NUM! | K70: #NUM! | M70: 80 | O70: #NUM! | V70: #NUM! | W70: #NUM! | X70: #NUM! | AB70: #NUM!
E71: S_it = d diag(Q_it) | O71: X_it=d*Q | R71: S_pt=(c*diag(X_pt))' | AB71: X_pt=inv(c)*Q_pt
B72: aluminium production | D72: kg | E72: {=MMULT(E58:G60,_xlfn.MUNIT(3)*O68:O70)} -> #NUM! | F72: #NUM! | G72: #NUM! | O72: {=MMULT(E58:G60,O68:O70)} -> #NUM! | R72: {=TRANSPOSE(MMULT(V54:X56,_xlfn.MUNIT(3)*AB72:AB74))} -> #NUM! | S72: #NUM! | T72: #NUM! | AB72: {=MMULT(R58:T60,AB68:AB70)} -> #NUM!
B73: waste management | D73: kg | E73: #NUM! | F73: #NUM! | G73: #NUM! | O73: #NUM! | R73: #NUM! | S73: #NUM! | T73: #NUM! | AB73: #NUM!
B74: manufacturing | D74: kg | E74: #NUM! | F74: #NUM! | G74: #NUM! | O74: #NUM! | R74: #NUM! | S74: #NUM! | T74: #NUM! | AB74: #NUM!
I75: E_it=r*diag(X_it) | O75: E_tot_it = sum(E_it) | V75: E_pt=r*diag(X_pt) | AB75: E_tot_pt = sum(E_pt)
C76: electricity | D76: kWh | I76: {=MMULT(I62:K63,_xlfn.MUNIT(3)*O72:O74)} -> #NUM! | J76: #NUM! | K76: #NUM! | O76: =SUM(I76:K76) -> #NUM! | V76: {=MMULT(I62:K63,_xlfn.MUNIT(3)*AB72:AB74)} -> #NUM! | W76: #NUM! | X76: #NUM! | AB76: =SUM(V76:X76) -> #NUM!
C77: scrap | D77: kg | I77: #NUM! | J77: #NUM! | K77: #NUM! | O77: =SUM(I77:K77) -> #NUM! | V77: #NUM! | W77: #NUM! | X77: #NUM! | AB77: =SUM(V77:X77) -> #NUM!
O78: =IF(O77<=0,"","↑") -> #NUM!
O79: =IF(O77<=0,"","Consuming more scrap than what we produce") -> #NUM!

Sheet Ex. 3a,b
A1: regions | F1: EU27 | J1: RoW | O1: EU27 | T1: RoW | Y1: EU27 | Z1: RoW | AB1: Tot
B2: products | F2: Goods | G2: Services | H2: Steel | I2: Electricity | J2: Goods | K2: Services | L2: Steel | M2: Electricity
C3: technologies | O3: Services | P3: Other industries | Q3: Traditional steelmaking | R3: Green steelmaking | S3: Electricity | T3: Services | U3: Other industries | V3: Average steelmaking | W3: Electricity | Y3: Final demand | Z3: Final demand | AB3: Final demand
D4: environmental and value added transactions
E5: units | F5: Mton | G5: G€ | H5: Mton | I5: TJ | J5: Mton | K5: G€ | L5: Mton | M5: TJ | O5: - | P5: - | Q5: - | R5: - | S5: - | T5: - | U5: - | V5: - | W5: -
A6: a. Fill the information on green steelmaking industry in EU27
Y7: Y | AB7: Y_tot
A8: EU27 | B8: Goods | E8: Mton | N8: u | O8: 0.0035125779 | P8: 0.27055148 | Q8: 0.15827163 | R8: 0.12 | S8: 4.1115842e-05 | T8: 8.190845e-05 | U8: 0.0033905806 | V8: 0.0039752339 | W8: 3.2484096e-07 | Y8: 835.54778 | Z8: 145.60867 | AB8: =SUM(Y8:Z8) -> 981.15644
B9: Services | E9: G€ | O9: 4.5711092e-06 | P9: 0.00021778395 | Q9: 0.00014460697 | R9: 0.00014460697 | S9: 5.2547112e-09 | T9: 1.4657737e-07 | U9: 2.9643635e-06 | V9: 2.0349832e-06 | W9: 5.9382574e-11 | Y9: 8.1689306 | Z9: 0.47106018 | AB9: =SUM(Y9:Z9) -> 8.6399908
B10: Steel | E10: Mton | O10: 1.1217512e-05 | P10: 0.022327816 | Q10: 0.097684466 | R10: 0.097684466 | S10: 0 | T10: 3.0386983e-06 | U10: 0.0006116707 | V10: 0.0033408952 | W10: 0 | Y10: 1.9817989 | Z10: 0.7772038 | AB10: =SUM(Y10:Z10) -> 2.7590027
B11: Electricity | E11: TJ | O11: 3.0778015 | P11: 483.15056 | Q11: 234.22695 | R11: 300 | S11: 0.038828749 | T11: 0.026646337 | U11: 2.0564664 | V11: 3.005787 | W11: 1.0140309e-06 | Y11: 3454409.3 | Z11: 83583.261 | AB11: =SUM(Y11:Z11) -> 3537992.6
A12: RoW | B12: Goods | E12: Mton | O12: 0.00039488973 | P12: 0.13987705 | Q12: 0.51737764 | R12: 0.4 | S12: 1.2466997e-05 | T12: 0.012049568 | U12: 0.32560213 | V12: 0.54994051 | W12: 6.9815059e-05 | Y12: 585.78789 | Z12: 7478.1973 | AB12: =SUM(Y12:Z12) -> 8063.9851
B13: Services | E13: G€ | O13: 3.1023562e-07 | P13: 1.764837e-05 | Q13: 9.8309999e-06 | R13: 9.8309999e-06 | S13: 4.1399414e-10 | T13: 5.8021191e-06 | U13: 8.7224283e-05 | V13: 6.5546677e-05 | W13: 1.8183214e-09 | Y13: 0.31707359 | Z13: 30.342105 | AB13: =SUM(Y13:Z13) -> 30.659178
B14: Steel | E14: Mton | O14: 6.0084534e-06 | P14: 0.0079615617 | Q14: 0.017867084 | R14: 0.017867084 | S14: 0 | T14: 7.9322198e-05 | U14: 0.018865912 | V14: 0.24692995 | W14: 0 | Y14: 0.605435 | Z14: 38.459047 | AB14: =SUM(Y14:Z14) -> 39.064482
B15: Electricity | E15: TJ | O15: 0.052307961 | P15: 10.312563 | Q15: 3.1295127 | R15: 5 | S15: 7.1287165e-06 | T15: 6.0507067 | U15: 455.66802 | V15: 327.0202 | W15: 0.048434763 | Y15: 50504.88 | Z15: 20969440 | AB15: =SUM(Y15:Z15) -> 21019945
F16: d
A17: EU27 | C17: Services | E17: - | F17: 0.18943246 | G17: 0.93981212 | H17: 0 | I17: 0.091786105 | J17: 0 | K17: 0 | L17: 0 | M17: 0
C18: Other industries | E18: - | F18: 0.81056754 | G18: 0.060187876 | H18: 0 | I18: 0 | J18: 0 | K18: 0 | L18: 0 | M18: 0
C19: Traditional steelmaking | E19: - | F19: 0 | G19: 0 | H19: 1 | I19: 0 | J19: 0 | K19: 0 | L19: 0 | M19: 0
C20: Green steelmaking | E20: - | F20: 0 | G20: 0 | H20: 0 | I20: 0 | J20: 0 | K20: 0 | L20: 0 | M20: 0
C21: Electricity | E21: - | F21: 0 | G21: 0 | H21: 0 | I21: 0.9082139 | J21: 0 | K21: 0 | L21: 0 | M21: 0
A22: RoW | C22: Services | E22: - | F22: 0 | G22: 0 | H22: 0 | I22: 0 | J22: 0.15854983 | K22: 0.94030067 | L22: 0 | M22: 0.034721038
C23: Other industries | E23: - | F23: 0 | G23: 0 | H23: 0 | I23: 0 | J23: 0.81519142 | K23: 0.059699327 | L23: 0 | M23: 0
C24: Average steelmaking | E24: - | F24: 0 | G24: 0 | H24: 0 | I24: 0 | J24: 0.026092893 | K24: 0 | L24: 1 | M24: 0
C25: Electricity | E25: - | F25: 0 | G25: 0 | H25: 0 | I25: 0 | J25: 0.00016586031 | K25: 0 | L25: 0 | M25: 0.96527896
D27: Value added | E27: G€ | N27: r | O27: 9.3327696e-06 | P27: 0.00033615484 | Q27: 0.00013445362 | R27: =Q27*1.5 -> 0.00020168043 | S27: 8.6675066e-09 | T27: 1.2344967e-05 | U27: 0.00017106332 | V27: 0.00010443155 | W27: 6.0114501e-09 | Y27: R_Y
D28: GHG | E28: Mton | O28: 0.0010966822 | P28: 0.16146899 | Q28: 0.75858537 | R28: 0.3 | S28: 7.4601803e-05 | T28: 0.002717605 | U28: 0.24096643 | V28: 0.67546414 | W28: 0.00013706389 | Y28: 796.06386 | Z28: 3424.6899
F30: w_pp = inv(I - ud) | O30: U = u diag(X) | AB30: Q = wY_tot
A31: EU27 | B31: Goods | E31: Mton | F31: {=MINVERSE(_xlfn.MUNIT(8)-MMULT(O8:W15,F17:M25))} -> 1.7701153 | G31: 0.065624163 | H31: 0.56847289 | I31: 0.00093620527 | J31: 0.024394037 | K31: 0.0022774334 | L31: 0.044220487 | M31: 2.4878302e-05 | O31: {=MMULT(O8:W15,_xlfn.MUNIT(9)*AB40:AB48)} -> 2835.7976 | P31: 1266.1653 | Q31: 27.857354 | R31: 0 | S31: 328.00011 | T31: 159.62598 | U31: 143.8517 | V31: 12.654375 | W31: 17.524815 | AB31: {=MMULT(F31:M38,AB8:AB15)} -> 5772.6337 | AC31: 5772.6337
B32: Services | E32: G€ | F32: 0.00076139089 | G32: 1.0000662 | H32: 0.00057624703 | I32: 1.0264386e-06 | J32: 2.6133167e-05 | K32: 2.506435e-06 | L32: 4.4953042e-05 | M32: 2.8770935e-08 | O32: 3.690378 | P32: 1.0192164 | Q32: 0.025452241 | R32: 0 | S32: 0.041919265 | T32: 0.28565498 | U32: 0.12576864 | V32: 0.0064779685 | W32: 0.0032036251 | AB32: 13.838062 | AC32: 13.838062
B33: Steel | E33: Mton | F33: 0.037301677 | G33: 0.0029651668 | H33: 1.1219234 | I33: 2.1550291e-05 | J33: 0.0023792827 | K33: 0.00020385044 | L33: 0.0078353606 | M33: 1.9289484e-06 | O33: 9.0561961 | P33: 104.49289 | Q33: 17.193422 | R33: 0 | S33: 0 | T33: 5.921919 | U33: 25.951269 | V33: 10.635082 | W33: 0 | AB33: 176.00978 | AC33: 176.00978
B34: Electricity | E34: TJ | F34: 1032.8527 | G34: 85.805811 | H34: 717.67166 | I34: 2.0132995 | J34: 22.580098 | K34: 2.0814855 | L34: 42.679587 | M34: 0.021918067 | O34: 2484791 | P34: 2261116.8 | Q34: 41226.234 | R34: 0 | S34: 309754.92 | T34: 51929.292 | U34: 87249.416 | V34: 9568.3314 | W34: 54.705863 | AB34: 8783683.2 | AC34: 8783683.2
A35: RoW | B35: Goods | E35: Mton | F35: 0.66237457 | G35: 0.053749766 | H35: 1.595965 | I35: 0.00052136731 | J35: 2.2560856 | K35: 0.12142137 | L35: 2.305917 | M35: 0.0014869538 | O35: 318.80498 | P35: 654.61653 | Q35: 91.063525 | R35: 0 | S35: 99.455012 | T35: 23482.609 | U35: 13814.277 | V35: 1750.6274 | W35: 3766.4462 | AB35: 52041.884 | AC35: 52041.884
B36: Services | E36: G€ | F36: 0.00018467347 | G36: 1.5279145e-05 | H36: 0.00033966378 | I36: 1.7337601e-07 | J36: 0.00041333706 | K36: 1.0000422 | L36: 0.00062960179 | M36: 5.4701193e-07 | O36: 0.25046147 | P36: 0.082593353 | Q36: 0.0017303521 | R36: 0 | S36: 0.003302623 | T36: 11.307368 | U36: 3.7006527 | V36: 0.20865495 | W36: 0.098096453 | AB36: 46.312038 | AC36: 46.312038
B37: Steel | E37: Mton | F37: 0.037419005 | G37: 0.0030116767 | H37: 0.081472525 | I37: 2.6233854e-05 | J37: 0.070041106 | K37: 0.0055397239 | L37: 1.4019364 | M37: 5.1182522e-05 | O37: 4.8507842 | P37: 37.25965 | Q37: 3.1447815 | R37: 0 | S37: 0 | T37: 154.58581 | U37: 800.42147 | V37: 786.05291 | W37: 0 | AB37: 1825.3799 | AC37: 1825.3799
B38: Electricity | E38: TJ | F38: 382.78494 | G38: 31.086433 | H38: 869.73816 | I38: 0.30246692 | J38: 1187.7547 | K38: 108.98135 | L38: 1799.7718 | M38: 2.1308043 | O38: 42229.608 | P38: 48262.202 | Q38: 550.82485 | R38: 0 | S38: 56.869073 | T38: 11791824 | U38: 19332564 | V38: 1041004.5 | W38: 2613002.6 | AB38: 55889440 | AC38: 55889440
F39: V = d diag(Q) | AB39: X = dQ | AC39: 807326.6
A40: EU27 | C40: Services | E40: - | F40: {=MMULT(F17:M25,_xlfn.MUNIT(8)*AB31:AB38)} -> 1093.5242 | G40: 13.005178 | H40: 0 | I40: 806220.07 | J40: 0 | K40: 0 | L40: 0 | M40: 0 | AB40: {=MMULT(F17:M25,AB31:AB38)} -> 807326.6 | AC40: 4679.9424
C41: Other industries | E41: - | F41: 4679.1095 | G41: 0.83288355 | H41: 0 | I41: 0 | J41: 0 | K41: 0 | L41: 0 | M41: 0 | AB41: 4679.9424 | AC41: 176.00978
C42: Traditional steelmaking | E42: - | F42: 0 | G42: 0 | H42: 176.00978 | I42: 0 | J42: 0 | K42: 0 | L42: 0 | M42: 0 | AB42: 176.00978 | AC42: 0
C43: Green steelmaking | F43: 0 | G43: 0 | H43: 0 | I43: 0 | J43: 0 | K43: 0 | L43: 0 | M43: 0 | AB43: 0 | AC43: 7977463.2
C44: Electricity | E44: - | F44: 0 | G44: 0 | H44: 0 | I44: 7977463.2 | J44: 0 | K44: 0 | L44: 0 | M44: 0 | AB44: 7977463.2 | AC44: 1948834.2
A45: RoW | C45: Services | E45: - | F45: 0 | G45: 0 | H45: 0 | I45: 0 | J45: 8251.2318 | K45: 43.547241 | L45: 0 | M45: 1940539.4 | AB45: 1948834.2 | AC45: 42426.863
C46: Other industries | E46: - | F46: 0 | G46: 0 | H46: 0 | I46: 0 | J46: 42424.098 | K46: 2.7647975 | L46: 0 | M46: 0 | AB46: 42426.863 | AC46: 3183.3032
C47: Average steelmaking | E47: - | F47: 0 | G47: 0 | H47: 0 | I47: 0 | J47: 1357.9233 | K47: 0 | L47: 1825.3799 | M47: 0 | AB47: 3183.3032 | AC47: 53948909
C48: Electricity | E48: - | F48: 0 | G48: 0 | H48: 0 | I48: 0 | J48: 8.6316831 | K48: 0 | L48: 0 | M48: 53948900 | AB48: 53948909
D50: Value added | E50: G€ | N50: R = r diag(X) | O50: {=MMULT(O27:W28,_xlfn.MUNIT(9)*AB40:AB48)} -> 7.5345931 | P50: 1.5731853 | Q50: 0.023665153 | R50: 0 | S50: 0.069144715 | T50: 24.058293 | U50: 7.25768 | V50: 0.3324373 | W50: 0.32431117 | AB50: R_tot_GHG
D51: GHG | E51: Mton | O51: 885.38073 | P51: 755.66557 | Q51: 133.51845 | R51: 0 | S51: 595.13314 | T51: 5296.1614 | U51: 10223.45 | V51: 2150.2072 | W51: 7394.4476 | AB51: =SUM(O51:W51,Y28:Z28) -> 31654.717
A53: b. Calculate footprint and price of steel product
AB54: EU27 | AC54: RoW
D55: Prices | E55: G€ | F55: {=MMULT(MMULT(O27:W28,F17:M25),F31:M38)} -> 0.0016490477 | G55: 0.0001431463 | H55: 0.0015435715 | I55: 2.2094448e-06 | J55: 0.00087502715 | K55: 8.9696993e-05 | L55: 0.0013107336 | M55: 1.1713961e-06 | N55: r_e = r d w_pp | Z55: price | AA55: €/ton | AB55: =H55*1000 -> 1.5435715 | AC55: =L55*1000 -> 1.3107336
D56: GHG | E56: Mton | F56: 0.68840915 | G56: 0.056662209 | H56: 1.6409606 | I56: 0.00067626304 | J56: 0.80924966 | K56: 0.072232906 | L56: 1.8684339 | M56: 0.00084490776 | Z56: GHG | AA56: ton/ton | AB56: =H56 -> 1.6409606 | AC56: =L56 -> 1.8684339
D58: Prices | E58: G€ | F58: {=MMULT(F55:M56,_xlfn.MUNIT(8)*AB8:AB15)} -> 1.6179738 | G58: 0.0012367827 | H58: 0.004258718 | I58: 7.8169994 | J58: 7.0562059 | K58: 0.0027500361 | L58: 0.051203127 | M58: 24.622682 | N58: R_e = r_e diag(Y_tot)
D59: GHG | E59: Mton | F59: 675.43707 | G59: 0.48956096 | H59: 4.5274147 | I59: 2392.6136 | J59: 6525.7772 | K59: 2.2146015 | L59: 72.989403 | M59: 17759.915
A61: Extra. Calculate footprint and price of steelmaking technologies
O62: w_tt = inv(I-du)
A63: EU27 | C63: Services | E63: - | O63: {=MINVERSE(_xlfn.MUNIT(9)-MMULT(F17:M25,O8:W15))} -> 1.9052127 | P63: 116.92629 | Q63: 65.980515 | R63: 74.265525 | S63: 0.011119819 | T63: 0.050466192 | U63: 2.4126206 | V63: 3.9258121 | W63: 0.00027378116 | Z63: Suggested reading to deepen the topic: https://doi.org/10.1186/s40008-017-0072-0
C64: Other industries | E64: - | O64: 0.0073905713 | P64: 1.7684447 | Q64: 0.46082036 | R64: 0.45353962 | S64: 8.8709973e-05 | T64: 0.0005023208 | U64: 0.023012519 | V64: 0.035846397 | W64: 2.8242369e-06 | Z64: Go through the supplementary material as well!
C65: Traditional steelmaking | E65: - | O65: 0.0002110389 | P65: 0.045969888 | Q65: 1.1219234 | R65: 0.12163756 | S65: 2.4001526e-06 | T65: 4.800271e-05 | U65: 0.0026585469 | V65: 0.0078353606 | W65: 2.7167743e-07
C66: Green steelmaking | O66: 0 | P66: 0 | Q66: 0 | R66: 1 | S66: 0 | T66: 0 | U66: 0 | V66: 0 | W66: 0
C67: Electricity | E67: - | O67: 8.9397989 | P67: 1155.1878 | Q67: 651.79938 | R67: 733.79519 | S67: 1.1098236 | T67: 0.49818939 | U67: 23.819133 | V67: 38.762194 | W67: 0.0027024727
A68: RoW | C68: Services | E68: - | O68: 0.10066666 | P68: 16.503022 | Q68: 30.451571 | R68: 25.891216 | S68: 0.0014809183 | T68: 1.9568088 | U68: 48.636205 | V68: 62.856139 | W68: 0.006503378
C69: Other industries | E69: - | O69: 0.004020652 | P69: 0.66522704 | Q69: 1.3010372 | R69: 1.0947171 | S69: 6.1642436e-05 | T69: 0.029705276 | U69: 2.1901691 | V69: 1.8798013 | W69: 0.0001872895
C70: Average steelmaking | E70: - | O70: 0.00038055942 | P70: 0.067397448 | Q70: 0.12311587 | R70: 0.10867987 | S70: 5.4037586e-06 | T70: 0.0022196926 | U70: 0.11090209 | V70: 1.4621045 | W70: 1.3375839e-05
C71: Electricity | E71: - | O71: 2.7768491 | P71: 455.19752 | Q71: 839.54022 | R71: 713.87453 | S71: 0.040837173 | T71: 26.439245 | U71: 1345.6866 | V71: 1737.2822 | W71: 1.1797862 | AB71: EU27 | AD71: RoW
AB72: trad | AC72: green | AD72: avg
D73: Prices | E73: G€ | N73: r_e = r w_tt | O73: {=MMULT(O27:W28,O63:W71)} -> 2.2358096e-05 | P73: 0.0020292108 | Q73: 0.0015435715 | R73: 0.001592491 | S73: 1.7317757e-07 | T73: 3.0279587e-05 | U73: 0.0010255573 | V73: 0.0013107336 | W73: 1.2437591e-07 | Z73: price | AA73: €/ton | AB73: =Q73*1000 -> 1.5435715 | AC73: =R73*1000 -> 1.592491 | AD73: =V73*1000 -> 1.3107336
D74: GHG | E74: Mton | O74: 0.0059898515 | P74: 0.84789292 | Q74: 1.6409606 | R74: 1.1071011 | S74: 0.00013926004 | T74: 0.017809031 | U74: 0.92944201 | V74: 1.8684339 | W74: 0.00023470906 | Z74: GHG | AA74: ton/ton | AB74: =Q74 -> 1.6409606 | AC74: =R74 -> 1.1071011 | AD74: =V74 -> 1.8684339

Sheet Ex. 3c
A1: regions | F1: EU27 | J1: RoW | O1: EU27 | S1: RoW | Y1: EU27 | Z1: RoW | AD1: EU27 | AF1: EU27
B2: products | F2: Goods | G2: Services | H2: Steel | I2: Electricity | J2: Goods | K2: Services | L2: Steel | M2: Electricity
C3: technologies | O3: Services | P3: Other industries | Q3: Traditional steelmaking | R3: Green steelmaking | S3: Electricity | T3: Services | U3: Other industries | V3: Average steelmaking | W3: Electricity | Y3: Final demand | Z3: Final demand
D4: environmental and value added transactions
E5: units | F5: Mton | G5: G€ | H5: Mton | I5: TJ | J5: Mton | K5: G€ | L5: Mton | M5: TJ | O5: - | P5: - | Q5: - | R5: - | S5: - | T5: - | U5: - | V5: -
A6: d. Assess impact of 40% green steel production. Consider this implies 2 Mton of goods, 3 TJ of electricity, 0.5 G€ of services and 0.1 Mton of steel of extra final demand as investment | X6: Y_new = Y(a,b,c) + investments
AB7: Y_tot | AD7: investments | AF7: Y (a,b,c)
A8: EU27 | B8: Goods | E8: Mton | N8: u | O8: {='Ex. 3a,b'!O8:W15} -> 0.0035125779 | P8: 0.27055148 | Q8: 0.15827163 | R8: 0.12 | S8: 4.1115842e-05 | T8: 8.190845e-05 | U8: 0.0033905806 | V8: 0.0039752339 | W8: 3.2484096e-07 | Y8: =AF8+AD8 -> 837.54778 | Z8: {='Ex. 3a,b'!Z8:Z15} -> 145.60867 | AB8: =SUM(Y8:Z8) -> 983.15644 | AD8: 2 | AF8: {='Ex. 3a,b'!Y8:Y15} -> 835.54778
B9: Services | E9: G€ | O9: 4.5711092e-06 | P9: 0.00021778395 | Q9: 0.00014460697 | R9: 0.00014460697 | S9: 5.2547112e-09 | T9: 1.4657737e-07 | U9: 2.9643635e-06 | V9: 2.0349832e-06 | W9: 5.9382574e-11 | Y9: =AF9+AD9 -> 8.6689306 | Z9: 0.47106018 | AB9: =SUM(Y9:Z9) -> 9.1399908 | AD9: 0.5 | AF9: 8.1689306
B10: Steel | E10: Mton | O10: 1.1217512e-05 | P10: 0.022327816 | Q10: 0.097684466 | R10: 0.097684466 | S10: 0 | T10: 3.0386983e-06 | U10: 0.0006116707 | V10: 0.0033408952 | W10: 0 | Y10: =AF10+AD10 -> 2.0817989 | Z10: 0.7772038 | AB10: =SUM(Y10:Z10) -> 2.8590027 | AD10: 0.1 | AF10: 1.9817989
B11: Electricity | E11: TJ | O11: 3.0778015 | P11: 483.15056 | Q11: 234.22695 | R11: 300 | S11: 0.038828749 | T11: 0.026646337 | U11: 2.0564664 | V11: 3.005787 | W11: 1.0140309e-06 | Y11: =AF11+AD11 -> 3454412.3 | Z11: 83583.261 | AB11: =SUM(Y11:Z11) -> 3537995.6 | AD11: 3 | AF11: 3454409.3
A12: RoW | B12: Goods | E12: Mton | O12: 0.00039488973 | P12: 0.13987705 | Q12: 0.51737764 | R12: 0.4 | S12: 1.2466997e-05 | T12: 0.012049568 | U12: 0.32560213 | V12: 0.54994051 | W12: 6.9815059e-05 | Y12: =AF12 -> 585.78789 | Z12: 7478.1973 | AB12: =SUM(Y12:Z12) -> 8063.9851 | AF12: 585.78789
B13: Services | E13: G€ | O13: 3.1023562e-07 | P13: 1.764837e-05 | Q13: 9.8309999e-06 | R13: 9.8309999e-06 | S13: 4.1399414e-10 | T13: 5.8021191e-06 | U13: 8.7224283e-05 | V13: 6.5546677e-05 | W13: 1.8183214e-09 | Y13: =AF13 -> 0.31707359 | Z13: 30.342105 | AB13: =SUM(Y13:Z13) -> 30.659178 | AF13: 0.31707359
B14: Steel | E14: Mton | O14: 6.0084534e-06 | P14: 0.0079615617 | Q14: 0.017867084 | R14: 0.017867084 | S14: 0 | T14: 7.9322198e-05 | U14: 0.018865912 | V14: 0.24692995 | W14: 0 | Y14: =AF14 -> 0.605435 | Z14: 38.459047 | AB14: =SUM(Y14:Z14) -> 39.064482 | AF14: 0.605435
B15: Electricity | E15: TJ | O15: 0.052307961 | P15: 10.312563 | Q15: 3.1295127 | R15: 5 | S15: 7.1287165e-06 | T15: 6.0507067 | U15: 455.66802 | V15: 327.0202 | W15: 0.048434763 | Y15: =AF15 -> 50504.88 | Z15: 20969440 | AB15: =SUM(Y15:Z15) -> 21019945 | AF15: 50504.88
F16: d_new
A17: EU27 | C17: Services | E17: - | F17: ='Ex. 3a,b'!F17 -> 0.18943246 | G17: ='Ex. 3a,b'!G17 -> 0.93981212 | H17: ='Ex. 3a,b'!H17 -> 0 | I17: ='Ex. 3a,b'!I17 -> 0.091786105 | J17: ='Ex. 3a,b'!J17 -> 0 | K17: ='Ex. 3a,b'!K17 -> 0 | L17: ='Ex. 3a,b'!L17 -> 0 | M17: ='Ex. 3a,b'!M17 -> 0
C18: Other industries | E18: - | F18: ='Ex. 3a,b'!F18 -> 0.81056754 | G18: ='Ex. 3a,b'!G18 -> 0.060187876 | H18: ='Ex. 3a,b'!H18 -> 0 | I18: ='Ex. 3a,b'!I18 -> 0 | J18: ='Ex. 3a,b'!J18 -> 0 | K18: ='Ex. 3a,b'!K18 -> 0 | L18: ='Ex. 3a,b'!L18 -> 0 | M18: ='Ex. 3a,b'!M18 -> 0
C19: Traditional steelmaking | E19: - | F19: ='Ex. 3a,b'!F19 -> 0 | G19: ='Ex. 3a,b'!G19 -> 0 | H19: =1-H20 -> 0.6 | I19: ='Ex. 3a,b'!I19 -> 0 | J19: ='Ex. 3a,b'!J19 -> 0 | K19: ='Ex. 3a,b'!K19 -> 0 | L19: ='Ex. 3a,b'!L19 -> 0 | M19: ='Ex. 3a,b'!M19 -> 0
C20: Green steelmaking | E20: - | F20: ='Ex. 3a,b'!F20 -> 0 | G20: ='Ex. 3a,b'!G20 -> 0 | H20: 0.4 | I20: ='Ex. 3a,b'!I20 -> 0 | J20: ='Ex. 3a,b'!J20 -> 0 | K20: ='Ex. 3a,b'!K20 -> 0 | L20: ='Ex. 3a,b'!L20 -> 0 | M20: ='Ex. 3a,b'!M20 -> 0
C21: Electricity | E21: - | F21: ='Ex. 3a,b'!F21 -> 0 | G21: ='Ex. 3a,b'!G21 -> 0 | H21: ='Ex. 3a,b'!H21 -> 0 | I21: ='Ex. 3a,b'!I21 -> 0.9082139 | J21: ='Ex. 3a,b'!J21 -> 0 | K21: ='Ex. 3a,b'!K21 -> 0 | L21: ='Ex. 3a,b'!L21 -> 0 | M21: ='Ex. 3a,b'!M21 -> 0
A22: RoW | C22: Services | E22: - | F22: ='Ex. 3a,b'!F22 -> 0 | G22: ='Ex. 3a,b'!G22 -> 0 | H22: ='Ex. 3a,b'!H22 -> 0 | I22: ='Ex. 3a,b'!I22 -> 0 | J22: ='Ex. 3a,b'!J22 -> 0.15854983 | K22: ='Ex. 3a,b'!K22 -> 0.94030067 | L22: ='Ex. 3a,b'!L22 -> 0 | M22: ='Ex. 3a,b'!M22 -> 0.034721038
C23: Other industries | E23: - | F23: ='Ex. 3a,b'!F23 -> 0 | G23: ='Ex. 3a,b'!G23 -> 0 | H23: ='Ex. 3a,b'!H23 -> 0 | I23: ='Ex. 3a,b'!I23 -> 0 | J23: ='Ex. 3a,b'!J23 -> 0.81519142 | K23: ='Ex. 3a,b'!K23 -> 0.059699327 | L23: ='Ex. 3a,b'!L23 -> 0 | M23: ='Ex. 3a,b'!M23 -> 0
C24: Average steelmaking | E24: - | F24: ='Ex. 3a,b'!F24 -> 0 | G24: ='Ex. 3a,b'!G24 -> 0 | H24: ='Ex. 3a,b'!H24 -> 0 | I24: ='Ex. 3a,b'!I24 -> 0 | J24: ='Ex. 3a,b'!J24 -> 0.026092893 | K24: ='Ex. 3a,b'!K24 -> 0 | L24: ='Ex. 3a,b'!L24 -> 1 | M24: ='Ex. 3a,b'!M24 -> 0
C25: Electricity | E25: - | F25: ='Ex. 3a,b'!F25 -> 0 | G25: ='Ex. 3a,b'!G25 -> 0 | H25: ='Ex. 3a,b'!H25 -> 0 | I25: ='Ex. 3a,b'!I25 -> 0 | J25: ='Ex. 3a,b'!J25 -> 0.00016586031 | K25: ='Ex. 3a,b'!K25 -> 0 | L25: ='Ex. 3a,b'!L25 -> 0 | M25: ='Ex. 3a,b'!M25 -> 0.96527896
D27: Value added | E27: G€ | N27: v | O27: {='Ex. 3a,b'!O27:W28} -> 9.3327696e-06 | P27: 0.00033615484 | Q27: 0.00013445362 | R27: 0.00020168043 | S27: 8.6675066e-09 | T27: 1.2344967e-05 | U27: 0.00017106332 | V27: 0.00010443155 | W27: 6.0114501e-09 | Y27: R_Y
D28: GHG | E28: Mton | N28: r | O28: 0.0010966822 | P28: 0.16146899 | Q28: 0.75858537 | R28: 0.3 | S28: 7.4601803e-05 | T28: 0.002717605 | U28: 0.24096643 | V28: 0.67546414 | W28: 0.00013706389 | Y28: {='Ex. 3a,b'!Y28:Z28} -> 796.06386 | Z28: 3424.6899
F30: w_pp = inv(I - ud) | O30: U = u diag(X) | AB30: Q = wY_tot
A31: EU27 | B31: Goods | E31: Mton | F31: {=MINVERSE(_xlfn.MUNIT(8)-MMULT(O8:W15,F17:M25))} -> 1.7699813 | G31: 0.065613508 | H31: 0.56444121 | I31: 0.00093612782 | J31: 0.024385487 | K31: 0.0022767009 | L31: 0.04419233 | M31: 2.4871371e-05 | O31: {=MMULT(O8:W15,_xlfn.MUNIT(9)*AB40:AB48)} -> 2838.5574 | P31: 1266.8313 | Q31: 16.730385 | R31: 8.4565431 | S31: 328.31934 | T31: 159.60215 | U31: 143.80658 | V31: 12.650824 | W31: 17.522211 | AB31: {=MMULT(F31:M38,AB8:AB15)} -> 5775.6332
B32: Services | E32: G€ | F32: 0.00076191841 | G32: 1.0000662 | H32: 0.00059211311 | I32: 1.0267433e-06 | J32: 2.6166814e-05 | K32: 2.5093178e-06 | L32: 4.5063849e-05 | M32: 2.8798214e-08 | O32: 3.6939695 | P32: 1.0197525 | Q32: 0.015285938 | R32: 0.010190625 | S32: 0.041960063 | T32: 0.28561234 | U32: 0.1257292 | V32: 0.0064761507 | W32: 0.003203149 | AB32: 14.34217
B33: Steel | E33: Mton | F33: 0.037297412 | G33: 0.0029648279 | H33: 1.1217951 | I33: 2.1547827e-05 | J33: 0.0023790107 | K33: 0.00020382713 | L33: 0.0078344649 | M33: 1.9287279e-06 | O33: 9.0650096 | P33: 104.54785 | Q33: 10.325911 | R33: 6.8839408 | S33: 0 | T33: 5.9210349 | U33: 25.94313 | V33: 10.632098 | W33: 0 | AB33: 176.17798
B34: Electricity | E34: TJ | F34: 1034.1997 | G34: 85.91288 | H34: 758.18305 | I34: 2.0140776 | J34: 22.666011 | K34: 2.0888463 | L34: 42.962513 | M34: 0.021987719 | O34: 2487209.2 | P34: 2262306.1 | Q34: 24759.379 | R34: 21141.358 | S34: 310056.39 | T34: 51921.539 | U34: 87222.052 | V34: 9565.6464 | W34: 54.697734 | AB34: 8792232
A35: RoW | B35: Goods | E35: Mton | F35: 0.65859871 | G35: 0.053449618 | H35: 1.4823985 | I35: 0.00051918588 | J35: 2.2558447 | K35: 0.12140074 | L35: 2.3051239 | M35: 0.0014867586 | O35: 319.11525 | P35: 654.96086 | Q35: 54.690329 | R35: 28.188477 | S35: 99.551807 | T35: 23479.103 | U35: 13809.944 | V35: 1750.1362 | W35: 3765.8865 | AB35: 52025.562
B36: Services | E36: G€ | F36: 0.0001840296 | G36: 1.5227963e-05 | H36: 0.00032029817 | I36: 1.7300403e-07 | J36: 0.00041329599 | K36: 1.0000422 | L36: 0.00062946655 | M36: 5.4697863e-07 | O36: 0.25070522 | P36: 0.082636798 | Q36: 0.0010392034 | R36: 0.00069280229 | S36: 0.0033058373 | T36: 11.30568 | U36: 3.699492 | V36: 0.20859639 | W36: 0.098081876 | AB36: 46.309408
B37: Steel | E37: Mton | F37: 0.037302158 | G37: 0.0030023883 | H37: 0.077958108 | I37: 2.6166348e-05 | J37: 0.070033652 | K37: 0.0055390854 | L37: 1.4019119 | M37: 5.117648e-05 | O37: 4.855505 | P37: 37.279249 | Q37: 1.888672 | R37: 1.2591147 | S37: 0 | T37: 154.56273 | U37: 800.17043 | V37: 785.83233 | W37: 0 | AB37: 1824.9125
B38: Electricity | E38: TJ | F38: 380.84271 | G38: 30.932041 | H38: 811.32143 | I38: 0.30134484 | J38: 1187.6308 | K38: 108.97074 | L38: 1799.3638 | M38: 2.1307038 | O38: 42270.706 | P38: 48287.588 | Q38: 330.81074 | R38: 352.35596 | S38: 56.924421 | T38: 11790063 | U38: 19326501 | V38: 1040712.3 | W38: 2612614.3 | AB38: 55881134
F39: V = d diag(Q) | O39: w_tt = inv(I-du) | AB39: X = dQ
A40: EU27 | C40: Services | E40: - | F40: {=MMULT(F17:M25,_xlfn.MUNIT(8)*AB31:AB38)} -> 1094.0924 | G40: 13.478946 | H40: 0 | I40: 807004.72 | J40: 0 | K40: 0 | L40: 0 | M40: 0 | O40: {=MINVERSE(_xlfn.MUNIT(9)-MMULT(F17:M25,O8:W15))} -> 1.905912 | P40: 117.07861 | Q40: 66.384524 | R40: 74.668586 | S40: 0.011127773 | T40: 0.050625255 | U40: 2.42143 | V40: 3.9517756 | W40: 0.0002746814 | AB40: {=MMULT(F17:M25,AB31:AB38)} -> 808112.29
C41: Other industries | E41: - | F41: 4681.5408 | G41: 0.86322476 | H41: 0 | I41: 0 | J41: 0 | K41: 0 | L41: 0 | M41: 0 | O41: 0.0073899567 | P41: 1.7683108 | Q41: 0.46046532 | R41: 0.45318542 | S41: 8.8702984e-05 | T41: 0.00050218101 | U41: 0.023004777 | V41: 0.03582358 | W41: 2.8234458e-06 | AB41: 4682.404
C42: Traditional steelmaking | E42: - | F42: 0 | G42: 0 | H42: 105.70679 | I42: 0 | J42: 0 | K42: 0 | L42: 0 | M42: 0 | O42: 0.00012660887 | P42: 0.02757878 | Q42: 1.0731457 | R42: 0.072974192 | S42: 1.4399269e-06 | T42: 2.8798333e-05 | U42: 0.0015949458 | V42: 0.0047006789 | W42: 1.6298782e-07 | AB42: 105.70679
C43: Green steelmaking | F43: 0 | G43: 0 | H43: 70.471193 | I43: 0 | J43: 0 | K43: 0 | L43: 0 | M43: 0 | O43: 8.4405911e-05 | P43: 0.018385853 | Q43: 0.048763782 | R43: 1.0486495 | S43: 9.5995129e-07 | T43: 1.9198889e-05 | U43: 0.0010632972 | V43: 0.0031337859 | W43: 1.0865855e-07 | AB43: 70.471193
C44: Electricity | E44: - | F44: 0 | G44: 0 | H44: 0 | I44: 7985227.2 | J44: 0 | K44: 0 | L44: 0 | M44: 0 | O44: 8.9467199 | P44: 1156.6953 | Q44: 655.7978 | R44: 737.78424 | S44: 1.1099023 | T44: 0.49976362 | U44: 23.906319 | V44: 39.019152 | W44: 0.0027113822 | AB44: 7985227.2
A45: RoW | C45: Services | E45: - | F45: 0 | G45: 0 | H45: 0 | I45: 0 | J45: 8248.6438 | K45: 43.544768 | L45: 0 | M45: 1940251 | O45: 0.10028174 | P45: 16.419176 | Q45: 30.229191 | R45: 25.669357 | S45: 0.0014765406 | T45: 1.9567213 | U45: 48.631356 | V45: 62.841848 | W45: 0.0065028824 | AB45: 1948543.2
C46: Other industries | E46: - | F46: 0 | G46: 0 | H46: 0 | I46: 0 | J46: 42410.791 | K46: 2.7646405 | L46: 0 | M46: 0 | O46: 0.0040032374 | P46: 0.66143367 | Q46: 1.2909763 | R46: 1.0846798 | S46: 6.1444379e-05 | T46: 0.029701315 | U46: 2.1899497 | V46: 1.8791548 | W46: 0.00018726709 | AB46: 42413.556
C47: Average steelmaking | E47: - | F47: 0 | G47: 0 | H47: 0 | I47: 0 | J47: 1357.4974 | K47: 0 | L47: 1824.9125 | M47: 0 | O47: 0.00037934094 | P47: 0.06713203 | Q47: 0.12241192 | R47: 0.10797756 | S47: 5.3899007e-06 | T47: 0.0022194155 | U47: 0.11088674 | V47: 1.4620592 | W47: 1.337427e-05 | AB47: 3182.4099
C48: Electricity | E48: - | F48: 0 | G48: 0 | H48: 0 | I48: 0 | J48: 8.6289757 | K48: 0 | L48: 0 | M48: 53940883 | O48: 2.7662421 | P48: 452.88705 | Q48: 833.41228 | R48: 707.76096 | S48: 0.04071654 | T48: 26.436832 | U48: 1345.553 | V48: 1736.8884 | W48: 1.1797725 | AB48: 53940892
D50: Value added | E50: G€ | N50: R = r diag(X) | O50: {=MMULT(O27:W28,_xlfn.MUNIT(9)*AB40:AB48)} -> 7.5419258 | P50: 1.5740128 | Q50: 0.014212661 | R50: 0.014212661 | S50: 0.06921201 | T50: 24.054702 | U50: 7.2554038 | V50: 0.33234402 | W50: 0.32426298 | AB50: R_tot
D51: GHG | E51: Mton | O51: 886.24239 | P51: 756.06305 | Q51: 80.187623 | R51: 21.141358 | S51: 595.71235 | T51: 5295.3706 | U51: 10220.243 | V51: 2149.6038 | W51: 7393.3487 | AB51: =SUM(O51:W51,Y28:Z28) -> 31618.667
AB53: baseline | AF53: green steel | AJ53: green steel - baseline
AB54: EU27 | AC54: RoW | AF54: EU27 | AG54: RoW | AJ54: EU27 | AK54: RoW
D55: Prices | E55: G€ | F55: {=MMULT(MMULT(O27:W28,F17:M25),F31:M38)} -> 0.0016497776 | G55: 0.00014320431 | H55: 0.0015655226 | I55: 2.2098665e-06 | J55: 0.0008750737 | K55: 8.9700982e-05 | L55: 0.0013108869 | M55: 1.1714339e-06 | N55: r_e = r d w_pp | AA55: €/ton | AB55: {='Ex. 3a,b'!AB55:AC56} -> 1.5435715 | AC55: 1.3107336 | AF55: =H55*1000 -> 1.5655226 | AG55: =L55*1000 -> 1.3108869 | AJ55: {=(AF55:AG56-AB55:AC56)/AB55:AC56} -> 0.014220945 | AK55: 0.00011695979
D56: GHG | E56: Mton | F56: 0.68044452 | G56: 0.056029088 | H56: 1.4014082 | I56: 0.00067166163 | J56: 0.80874164 | K56: 0.07218938 | L56: 1.8667609 | M56: 0.00084449589 | AA56: ton/ton | AB56: 1.6409606 | AC56: 1.8684339 | AF56: =H56 -> 1.4014082 | AG56: =L56 -> 1.8667609 | AJ56: -0.14598301 | AK56: -0.00089540293
D58: Prices | E58: G€ | F58: {=MMULT(F55:M56,_xlfn.MUNIT(8)*AB8:AB15)} -> 1.6219894 | G58: 0.0013088861 | H58: 0.0044758332 | I58: 7.8184978 | J58: 7.0565813 | K58: 0.0027501584 | L58: 0.051209116 | M58: 24.623476 | N58: R_e = r_e diag(Y_tot) | AB58: baseline | AF58: green steel | AJ58: green steel - baseline
D59: GHG | E59: Mton | F59: 668.98341 | G59: 0.51210535 | H59: 4.0066299 | I59: 2376.3359 | J59: 6521.6805 | K59: 2.2132671 | L59: 72.924048 | M59: 17751.257 | AB59: EU27 | AD59: RoW | AF59: EU27 | AH59: RoW | AJ59: EU27 | AL59: RoW
AB60: trad | AC60: green | AD60: avg | AF60: trad | AG60: green | AH60: avg | AJ60: trad | AK60: green | AL60: avg
D61: Prices | E61: G€ | N61: r_e = r w_tt | O61: {=MMULT(O27:W28,O40:W48)} -> 2.2362225e-05 | P61: 0.0020301102 | Q61: 0.001545957 | R61: 0.0015948709 | S61: 1.7322453e-07 | T61: 3.0280526e-05 | U61: 0.0010256093 | V61: 0.0013108869 | W61: 1.2438122e-07 | AA61: €/ton | AB61: {='Ex. 3a,b'!AB73:AD74} -> 1.5435715 | AC61: 1.592491 | AD61: 1.3107336 | AF61: =Q61*1000 -> 1.545957 | AG61: =R61*1000 -> 1.5948709 | AH61: =V61*1000 -> 1.3108869 | AJ61: {=(AF61:AH62-AB61:AD62)/AB61:AD62} -> 0.0015454406 | AK61: 0.0014944546 | AL61: 0.00011695979
D62: GHG | E62: Mton | O62: 0.0059447906 | P62: 0.83807745 | Q62: 1.6149276 | R62: 1.0811292 | S62: 0.00013874756 | T62: 0.017798781 | U62: 0.92887436 | V62: 1.8667609 | W62: 0.00023465105 | AA62: ton/ton | AB62: 1.6409606 | AC62: 1.1071011 | AD62: 1.8684339 | AF62: =Q62 -> 1.6149276 | AG62: =R62 -> 1.0811292 | AH62: =V62 -> 1.8667609 | AJ62: -0.015864492 | AK62: -0.023459442 | AL62: -0.00089540293
AB64: baseline | AF64: green steel | AJ64: green steel - baseline
AB65: EU27 | AC65: RoW | AF65: EU27 | AG65: RoW | AJ65: EU27 | AK65: RoW
AA66: € | AB66: =SUM('Ex. 3a,b'!O50:S50) -> 9.2005883 | AC66: =SUM('Ex. 3a,b'!T50:W50) -> 31.972722 | AF66: =SUM(O50:S50) -> 9.2135759 | AG66: =SUM(T50:W50) -> 31.966712 | AJ66: {=(AF66:AG67-AB66:AC67)/AB66:AC67} -> 0.0014116149 | AK66: -0.00018796086
AA67: ton | AB67: =SUM('Ex. 3a,b'!O51:S51) -> 2369.6979 | AC67: =SUM('Ex. 3a,b'!T51:W51) -> 25064.266 | AF67: =SUM(O51:S51) -> 2339.3468 | AG67: =SUM(T51:W51) -> 25058.566 | AJ67: -0.012808008 | AK67: -0.00022738861

Sheet Ex. 3d
A1: regions | F1: EU27 | J1: RoW | O1: EU27 | S1: RoW | Y1: EU27 | Z1: RoW
B2: products | F2: Goods | G2: Services | H2: Steel | I2: Electricity | J2: Goods | K2: Services | L2: Steel | M2: Electricity
C3: technologies | O3: Services | P3: Other industries | Q3: Traditional steelmaking | R3: Green steelmaking | S3: Electricity | T3: Services | U3: Other industries | V3: Average steelmaking | W3: Electricity | Y3: Final demand | Z3: Final demand
D4: environmental and value added transactions
E5: units | F5: Mton | G5: G€ | H5: Mton | I5: TJ | J5: Mton | K5: G€ | L5: Mton | M5: TJ | O5: - | P5: - | Q5: - | R5: - | S5: - | T5: - | U5: - | V5: -
A6: e. (EXTRA) Compare results of point d with the case in which EU fully offshores steel production to RoW
Y7: Y_new | AB7: Y_tot
A8: EU27 | B8: Goods | E8: Mton | N8: u_new | O8: {='Ex. 3a,b'!O8:W9} -> 0.0035125779 | P8: 0.27055148 | Q8: 0.15827163 | R8: 0.12 | S8: 4.1115842e-05 | T8: 8.190845e-05 | U8: 0.0033905806 | V8: 0.0039752339 | W8: 3.2484096e-07 | Y8: {='Ex. 3a,b'!Y8:Z9} -> 835.54778 | Z8: 145.60867 | AB8: =SUM(Y8:Z8) -> 981.15644
B9: Services | E9: G€ | O9: 4.5711092e-06 | P9: 0.00021778395 | Q9: 0.00014460697 | R9: 0.00014460697 | S9: 5.2547112e-09 | T9: 1.4657737e-07 | U9: 2.9643635e-06 | V9: 2.0349832e-06 | W9: 5.9382574e-11 | Y9: 8.1689306 | Z9: 0.47106018 | AB9: =SUM(Y9:Z9) -> 8.6399908
B10: Steel | E10: Mton | O10: 0 | P10: 0 | Q10: 0 | R10: 0 | S10: 0 | T10: 0 | U10: 0 | V10: 0 | W10: 0 | Y10: 0 | Z10: 0 | AB10: =SUM(Y10:Z10) -> 0
B11: Electricity | E11: TJ | O11: {='Ex. 3a,b'!O11:W13} -> 3.0778015 | P11: 483.15056 | Q11: 234.22695 | R11: 300 | S11: 0.038828749 | T11: 0.026646337 | U11: 2.0564664 | V11: 3.005787 | W11: 1.0140309e-06 | Y11: {='Ex. 3a,b'!Y11:Z13} -> 3454409.3 | Z11: 83583.261 | AB11: =SUM(Y11:Z11) -> 3537992.6
A12: RoW | B12: Goods | E12: Mton | O12: 0.00039488973 | P12: 0.13987705 | Q12: 0.51737764 | R12: 0.4 | S12: 1.2466997e-05 | T12: 0.012049568 | U12: 0.32560213 | V12: 0.54994051 | W12: 6.9815059e-05 | Y12: 585.78789 | Z12: 7478.1973 | AB12: =SUM(Y12:Z12) -> 8063.9851
B13: Services | E13: G€ | O13: 3.1023562e-07 | P13: 1.764837e-05 | Q13: 9.8309999e-06 | R13: 9.8309999e-06 | S13: 4.1399414e-10 | T13: 5.8021191e-06 | U13: 8.7224283e-05 | V13: 6.5546677e-05 | W13: 1.8183214e-09 | Y13: 0.31707359 | Z13: 30.342105 | AB13: =SUM(Y13:Z13) -> 30.659178
B14: Steel | E14: Mton | O14: {='Ex. 3a,b'!O10:W10+'Ex. 3a,b'!O14:W14} -> 1.7225966e-05 | P14: 0.030289377 | Q14: 0.11555155 | R14: 0.11555155 | S14: 0 | T14: 8.2360896e-05 | U14: 0.019477583 | V14: 0.25027085 | W14: 0 | Y14: {='Ex. 3a,b'!Y10:Z10+'Ex. 3a,b'!Y14:Z14} -> 2.5872339 | Z14: 39.236251 | AB14: =SUM(Y14:Z14) -> 41.823484
B15: Electricity | E15: TJ | O15: {='Ex. 3a,b'!O15:W15} -> 0.052307961 | P15: 10.312563 | Q15: 3.1295127 | R15: 5 | S15: 7.1287165e-06 | T15: 6.0507067 | U15: 455.66802 | V15: 327.0202 | W15: 0.048434763 | Y15: {='Ex. 3a,b'!Y15:Z15} -> 50504.88 | Z15: 20969440 | AB15: =SUM(Y15:Z15) -> 21019945
F16: d
A17: EU27 | C17: Services | E17: - | F17: {='Ex. 3a,b'!F17:M25} -> 0.18943246 | G17: 0.93981212 | H17: 0 | I17: 0.091786105 | J17: 0 | K17: 0 | L17: 0 | M17: 0
C18: Other industries | E18: - | F18: 0.81056754 | G18: 0.060187876 | H18: 0 | I18: 0 | J18: 0 | K18: 0 | L18: 0 | M18: 0
C19: Traditional steelmaking | E19: - | F19: 0 | G19: 0 | H19: 1 | I19: 0 | J19: 0 | K19: 0 | L19: 0 | M19: 0
C20: Green steelmaking | E20: - | F20: 0 | G20: 0 | H20: 0 | I20: 0 | J20: 0 | K20: 0 | L20: 0 | M20: 0
C21: Electricity | E21: - | F21: 0 | G21: 0 | H21: 0 | I21: 0.9082139 | J21: 0 | K21: 0 | L21: 0 | M21: 0
A22: RoW | C22: Services | E22: - | F22: 0 | G22: 0 | H22: 0 | I22: 0 | J22: 0.15854983 | K22: 0.94030067 | L22: 0 | M22: 0.034721038
C23: Other industries | E23: - | F23: 0 | G23: 0 | H23: 0 | I23: 0 | J23: 0.81519142 | K23: 0.059699327 | L23: 0 | M23: 0
C24: Average steelmaking | E24: - | F24: 0 | G24: 0 | H24: 0 | I24: 0 | J24: 0.026092893 | K24: 0 | L24: 1 | M24: 0
C25: Electricity | E25: - | F25: 0 | G25: 0 | H25: 0 | I25: 0 | J25: 0.00016586031 | K25: 0 | L25: 0 | M25: 0.96527896
D27: Value added | E27: G€ | N27: r | O27: {='Ex. 3a,b'!O27:W28} -> 9.3327696e-06 | P27: 0.00033615484 | Q27: 0.00013445362 | R27: 0.00020168043 | S27: 8.6675066e-09 | T27: 1.2344967e-05 | U27: 0.00017106332 | V27: 0.00010443155 | W27: 6.0114501e-09 | Y27: R_Y
D28: GHG | E28: Mton | O28: 0.0010966822 | P28: 0.16146899 | Q28: 0.75858537 | R28: 0.3 | S28: 7.4601803e-05 | T28: 0.002717605 | U28: 0.24096643 | V28: 0.67546414 | W28: 0.00013706389 | Y28: {='Ex. 3a,b'!Y28:Z28} -> 796.06386 | Z28: 3424.6899
F30: w_pp = inv(I - ud) | O30: U = u diag(X) | AB30: Q = wY_tot
A31: EU27 | B31: Goods | E31: Mton | F31: {=MINVERSE(_xlfn.MUNIT(8)-MMULT(O8:W15,F17:M25))} -> 1.7525624 | G31: 0.064228856 | H31: 0.51109984 | I31: 0.00092606442 | J31: 0.023274426 | K31: 0.0021815082 | L31: 0.040533429 | M31: 2.3970604e-05 | O31: {=MMULT(O8:W15,_xlfn.MUNIT(9)*AB40:AB48)} -> 2801.3612 | P31: 1248.0006 | Q31: 3.9177266e-10 | R31: 0 | S31: 324.018 | T31: 160.04531 | U31: 144.16172 | V31: 13.495299 | W31: 17.570887 | AB31: {=MMULT(F31:M38,AB8:AB15)} -> 5689.8094
B32: Services | E32: G€ | F32: 0.00074360221 | G32: 1.0000648 | H32: 0.00051810336 | I32: 1.0161615e-06 | J32: 2.4998518e-05 | K32: 2.4092214e-06 | L32: 4.1216461e-05 | M32: 2.7851044e-08 | O32: 3.645564 | P32: 1.0045944 | Q32: 3.5794828e-13 | R32: 0 | S32: 0.041410341 | T32: 0.28640538 | U32: 0.12603969 | V32: 0.0069084505 | W32: 0.0032120473 | AB32: 13.754125
B33: Steel | E33: Mton | F33: 3.0423429e-14 | G33: -1.9014643e-15 | H33: 1 | I33: -1.485519e-17 | J33: 0 | K33: 0 | L33: 0 | M33: 1.1884152e-16 | O33: 0 | P33: 0 | Q33: 0 | R33: 0 | S33: 0 | T33: 0 | U33: 0 | V33: 0 | W33: 0 | AB33: 2.4753183e-09
B34: Electricity | E34: TJ | F34: 1010.2528 | G34: 84.009307 | H34: 643.80199 | I34: 2.0002428 | J34: 21.138563 | K34: 1.9579787 | L34: 37.932381 | M34: 0.020749376 | O34: 2454617 | P34: 2228678.2 | Q34: 5.7978627e-07 | R34: 0 | S34: 305994.31 | T34: 52065.707 | U34: 87437.451 | V34: 10204.178 | W34: 54.849683 | AB34: 8677044.3
A35: RoW | B35: Goods | E35: Mton | F35: 0.68614504 | G35: 0.055639317 | H35: 1.6736606 | I35: 0.00053510022 | J35: 2.2576018 | K35: 0.12155128 | L35: 2.3109101 | M35: 0.001488183 | O35: 314.93358 | P35: 645.22522 | Q35: 1.2806743e-09 | R35: 0 | S35: 98.247571 | T35: 23544.296 | U35: 13844.049 | V35: 1866.9623 | W35: 3776.3481 | AB35: 52154.047
B36: Services | E36: G€ | F36: 0.00019438111 | G36: 1.6050821e-05 | H36: 0.00037139397 | I36: 1.789844e-07 | J36: 0.00041395626 | K36: 1.0000423 | L36: 0.00063164092 | M36: 5.4751393e-07 | O36: 0.24741999 | P36: 0.081408447 | Q36: 2.4334854e-14 | R36: 0 | S36: 0.0032625272 | T36: 11.337072 | U36: 3.7086281 | V36: 0.22252074 | W36: 0.098354346 | AB36: 46.357844
B37: Steel | E37: Mton | F37: 0.081630518 | G37: 0.0065261169 | H37: 0.22598125 | I37: 5.1776163e-05 | J37: 0.072861131 | K37: 0.005781336 | L37: 1.4112232 | M37: 5.3468793e-05 | O37: 13.738101 | P37: 139.71892 | Q37: 2.8602687e-10 | R37: 0 | S37: 0 | T37: 160.92937 | U37: 828.1537 | V37: 849.63049 | W37: 0 | AB37: 2033.9941
B38: Electricity | E38: TJ | F38: 413.92415 | G38: 33.561735 | H38: 971.51904 | I38: 0.32045697 | J38: 1189.7409 | K38: 109.15152 | L38: 1806.3127 | M38: 2.1324146 | O38: 41716.794 | P38: 47569.819 | Q38: 7.7465402e-09 | R38: 0 | S38: 56.17865 | T38: 11822800 | U38: 19374229 | V38: 1110182.6 | W38: 2619872.1 | AB38: 56036372
F39: V = d diag(Q) | O39: w_tt = inv(I-du) | AB39: X = dQ
A40: EU27 | C40: Services | E40: - | F40: {=MMULT(F17:M25,_xlfn.MUNIT(8)*AB31:AB38)} -> 1077.8346 | G40: 12.926294 | H40: 0 | I40: 796432.09 | J40: 0 | K40: 0 | L40: 0 | M40: 0 | O40: {=MINVERSE(_xlfn.MUNIT(9)-MMULT(F17:M25,O8:W15))} -> 1.8934578 | P40: 114.36576 | Q40: 59.189382 | R40: 67.490313 | S40: 0.010986131 | T40: 0.047792441 | U40: 2.2645395 | V40: 3.4893825 | W40: 0.00025864873 | AB40: {=MMULT(F17:M25,AB31:AB38)} -> 797522.85
C41: Other industries | E41: - | F41: 4611.9748 | G41: 0.82783158 | H41: 0 | I41: 0 | J41: 0 | K41: 0 | L41: 0 | M41: 0 | O41: 0.0073100695 | P41: 1.7509092 | Q41: 0.41431212 | R41: 0.40714042 | S41: 8.7794424e-05 | T41: 0.00048400994 | U41: 0.021998404 | V41: 0.032857563 | W41: 2.7206043e-06 | AB41: 4612.8026
C42: Traditional steelmaking | E42: - | F42: 0 | G42: 0 | H42: 2.4753183e-09 | I42: 0 | J42: 0 | K42: 0 | L42: 0 | M42: 0 | O42: 0 | P42: 0 | Q42: 1 | R42: -6.2984752e-14 | S42: 0 | T42: 1.9682735e-15 | U42: 2.5193901e-13 | V42: 2.5193901e-13 | W42: 2.4603419e-16 | AB42: 2.4753183e-09
C43: Green steelmaking | F43: 0 | G43: 0 | H43: 0 | I43: 0 | J43: 0 | K43: 0 | L43: 0 | M43: 0 | O43: 0 | P43: 0 | Q43: 0 | R43: 1 | S43: 0 | T43: 0 | U43: 0 | V43: 0 | W43: 0 | AB43: 0
C44: Electricity | E44: - | F44: 0 | G44: 0 | H44: 0 | I44: 7880612.2 | J44: 0 | K44: 0 | L44: 0 | M44: 0 | O44: 8.8236729 | P44: 1129.8924 | Q44: 584.70991 | R44: 666.86301 | S44: 1.1085029 | T44: 0.47177546 | U44: 22.356243 | V44: 34.450715 | W44: 0.0025529797 | AB44: 7880612.2
A45: RoW | C45: Services | E45: - | F45: 0 | G45: 0 | H45: 0 | I45: 0 | J45: 8269.015 | K45: 43.590312 | L45: 0 | M45: 1945641 | O45: 0.10680498 | P45: 17.840111 | Q45: 33.997857 | R45: 29.429188 | S45: 0.0015507295 | T45: 1.958205 | U45: 48.713532 | V45: 63.08404 | W45: 0.00651128 | AB45: 1953953.6
C46: Other industries | E46: - | F46: 0 | G46: 0 | H46: 0 | I46: 0 | J46: 42515.531 | K46: 2.7675321 | L46: 0 | M46: 0 | O46: 0.0041302859 | P46: 0.68910821 | Q46: 1.3643759 | R46: 1.1579074 | S46: 6.2889306e-05 | T46: 0.029730213 | U46: 2.1915502 | V46: 1.8838718 | W46: 0.00018743064 | AB46: 42518.299
C47: Average steelmaking | E47: - | F47: 0 | G47: 0 | H47: 0 | I47: 0 | J47: 1360.85 | K47: 0 | L47: 2033.9941 | M47: 0 | O47: 0.00063420067 | P47: 0.12264726 | Q47: 0.2696519 | R47: 0.25487236 | S47: 8.2884292e-06 | T47: 0.0022773856 | U47: 0.11409732 | V47: 1.4715215 | W47: 1.370236e-05 | AB47: 3394.844
C48: Electricity | E48: - | F48: 0 | G48: 0 | H48: 0 | I48: 0 | J48: 8.6502863 | K48: 0 | L48: 0 | M48: 54090731 | O48: 2.9469061 | P48: 492.24047 | Q48: 937.78716 | R48: 811.89115 | S48: 0.042771237 | T48: 26.477926 | U48: 1347.8289 | V48: 1743.596 | W48: 1.1800051 | AB48: 54090739
D50: Value added | E50: G€ | N50: R = r diag(X) | O50: {=MMULT(O27:W28,_xlfn.MUNIT(9)*AB40:AB48)} -> 7.443097 | P50: 1.5506159 | Q50: 3.3281552e-13 | R50: 0 | S50: 0.068305258 | T50: 24.121493 | U50: 7.2733214 | V50: 0.35452884 | W50: 0.32516378 | AB50: R_tot
D51: GHG | E51: Mton | O51: 874.62914 | P51: 744.82459 | Q51: 1.8777403e-09 | R51: 0 | S51: 587.90788 | T51: 5310.074 | U51: 10245.483 | V51: 2293.0954 | W51: 7413.8874 | AB51: =SUM(O51:W51,Y28:Z28) -> 31690.655
AB53: baseline | AF53: green steel | AJ53: offshoring | AN53: green steel - baseline | AR53: offshoring-baseline
AB54: EU27 | AC54: RoW | AF54: EU27 | AG54: RoW | AJ54: EU27 | AK54: RoW | AN54: EU27 | AO54: RoW | AR54: EU27 | AS54: RoW
D55: Prices | E55: G€ | F55: {=MMULT(MMULT(O27:W28,F17:M25),F31:M38)} -> 0.0016412519 | G55: 0.00014252659 | H55: 0.0015180902 | I55: 2.2049409e-06 | J55: 0.00087452989 | K55: 8.965439e-05 | L55: 0.001309096 | M55: 1.170993e-06 | N55: r_e = r d w_pp | Z55: €/ton | AB55: {='Ex. 3a,b'!AB55:AC56} -> 1.5435715 | AC55: 1.3107336 | AF55: {='Ex. 3c'!AF55:AG56} -> 1.5655226 | AG55: 1.3108869 | AJ55: =H55*1000 -> 1.5180902 | AK55: =L55*1000 -> 1.309096 | AN55: {=(AF55:AG56-AB55:AC56)/AB55:AC56} -> 0.014220945 | AO55: 0.00011695979 | AR55: {=(AJ55:AK56-AB55:AC56)/AB55:AC56} -> -0.016508003 | AS55: -0.0012493348
D56: GHG | E56: Mton | F56: 0.69602536 | G56: 0.057267633 | H56: 1.6658548 | I56: 0.00068066315 | J56: 0.80973546 | K56: 0.072274528 | L56: 1.8700337 | M56: 0.00084530161 | Z56: ton/ton | AB56: 1.6409606 | AC56: 1.8684339 | AF56: 1.4014082 | AG56: 1.8667609 | AJ56: =H56 -> 1.6658548 | AK56: =L56 -> 1.8700337 | AN56: -0.14598301 | AO56: -0.00089540293 | AR56: 0.0151705 | AS56: 0.00085623358
AB58: baseline | AF58: green steel | AJ58: offshoring | AN58: green steel - baseline | AR58: offshoring-baseline
AB59: EU27 | AD59: RoW | AF59: EU27 | AH59: RoW | AJ59: EU27 | AL59: RoW | AN59: EU27 | AP59: RoW | AR59: EU27 | AT59: RoW
AB60: trad | AC60: green | AD60: avg | AF60: trad | AG60: green | AH60: avg | AJ60: trad | AK60: green | AL60: avg | AN60: trad | AO60: green | AP60: avg | AR60: trad | AS60: green | AT60: avg
D61: Prices | E61: G€ | N61: r_e = r w_tt | O61: {=MMULT(O27:W28,O40:W48)} -> 2.231399e-05 | P61: 0.0020196033 | Q61: 0.0015180902 | R61: 0.0015670694 | S61: 1.7267595e-07 | T61: 3.0269555e-05 | U61: 0.0010250016 | V61: 0.001309096 | W61: 1.2431913e-07 | Z61: €/ton | AB61: {='Ex. 3a,b'!AB73:AD74} -> 1.5435715 | AC61: 1.592491 | AD61: 1.3107336 | AF61: {='Ex. 3c'!AF61:AH62} -> 1.545957 | AG61: 1.5948709 | AH61: 1.3108869 | AJ61: =Q61*1000 -> 1.5180902 | AK61: =R61*1000 -> 1.5670694 | AL61: =V61*1000 -> 1.309096 | AN61: {=(AF61:AH62-AB61:AD62)/AB61:AD62} -> 0.0015454406 | AO61: 0.0014944546 | AP61: 0.00011695979 | AR61: {=(AJ61:AL62-AB61:AD62)/AB61:AD62} -> -0.016508003 | AS61: -0.015963385 | AT61: -0.0012493348
D62: GHG | E62: Mton | O62: 0.0060329412 | P62: 0.857279 | Q62: 1.6658548 | R62: 1.131937 | S62: 0.0001397501 | T62: 0.017818832 | U62: 0.92998483 | V62: 1.8700337 | W62: 0.00023476453 | Z62: ton/ton | AB62: 1.6409606 | AC62: 1.1071011 | AD62: 1.8684339 | AF62: 1.6149276 | AG62: 1.0811292 | AH62: 1.8667609 | AJ62: =Q62 -> 1.6658548 | AK62: =R62 -> 1.131937 | AL62: =V62 -> 1.8700337 | AN62: -0.015864492 | AO62: -0.023459442 | AP62: -0.00089540293 | AR62: 0.0151705 | AS62: 0.02243321 | AT62: 0.00085623358
AN65: The green steel scenario (point d) leads to much lower GHG prices at a negligible increase in steel price
AN66: The offshoring scenario (point e) leads to a lower price of steel at the expense of a higher environmental footprint
AN68: The total GHG emissions in the three cases are
AN69: =_xlfn.CONCAT("- baseline: ",ROUND('Ex. 3a,b'!AB51,2)," Mton") -> - baseline: 31654.72 Mton
AN70: =_xlfn.CONCAT("- greensteel: ",ROUND('Ex. 3c'!AB51,2)," Mton --> ",ROUND(('Ex. 3c'!AB51/'Ex. 3a,b'!AB51-1)*100,2),"% from baseline") -> - greensteel: 31618.67 Mton --> -0.11% from baseline
AN71: =_xlfn.CONCAT("- offshoring: ",ROUND(AB51,2)," Mton --> ",ROUND(('Ex. 3d'!AB51/'Ex. 3a,b'!AB51-1)*100,2),"% from baseline") -> - offshoring: 31690.65 Mton --> 0.11% from baseline
AN73: Overall, none of the two approaches impacts significantly on the global GHG emissions

Sheet Ex. 3e
A1: regions | F1: EU27 | J1: RoW | O1: EU27 | S1: RoW | Y1: EU27 | Z1: RoW
B2: products | F2: Goods | G2: Services | H2: Steel | I2: Electricity | J2: Goods | K2: Services | L2: Steel | M2: Electricity
C3: technologies | O3: Services | P3: Other industries | Q3: Traditional steelmaking | R3: Green steelmaking | S3: Electricity | T3: Services | U3: Other industries | V3: Average steelmaking | W3: Electricity | Y3: Final demand | Z3: Final demand
D4: environmental and value added transactions
E5: units | F5: Mton | G5: G€ | H5: Mton | I5: TJ | J5: Mton | K5: G€ | L5: Mton | M5: TJ | O5: - | P5: - | Q5: - | R5: - | S5: - | T5: - | U5: - | V5: -
A6: f. What is the optimal market share of EU steel to have a domestic price increase of less than 1%? What would be the GHG footprint in this case?
Y7: Y | AB7: Y_tot
A8: EU27 | B8: Goods | E8: Mton | N8: u | O8: {='Ex. 3a,b'!O8:W15} -> 0.0035125779 | P8: 0.27055148 | Q8: 0.15827163 | R8: 0.12 | S8: 4.1115842e-05 | T8: 8.190845e-05 | U8: 0.0033905806 | V8: 0.0039752339 | W8: 3.2484096e-07 | Y8: {='Ex. 3a,b'!Y8:Z15} -> 835.54778 | Z8: 145.60867 | AB8: =SUM(Y8:Z8) -> 981.15644
B9: Services | E9: G€ | O9: 4.5711092e-06 | P9: 0.00021778395 | Q9: 0.00014460697 | R9: 0.00014460697 | S9: 5.2547112e-09 | T9: 1.4657737e-07 | U9: 2.9643635e-06 | V9: 2.0349832e-06 | W9: 5.9382574e-11 | Y9: 8.1689306 | Z9: 0.47106018 | AB9: =SUM(Y9:Z9) -> 8.6399908
B10: Steel | E10: Mton | O10: 1.1217512e-05 | P10: 0.022327816 | Q10: 0.097684466 | R10: 0.097684466 | S10: 0 | T10: 3.0386983e-06 | U10: 0.0006116707 | V10: 0.0033408952 | W10: 0 | Y10: 1.9817989 | Z10: 0.7772038 | AB10: =SUM(Y10:Z10) -> 2.7590027
B11: Electricity | E11: TJ | O11: 3.0778015 | P11: 483.15056 | Q11: 234.22695 | R11: 300 | S11: 0.038828749 | T11: 0.026646337 | U11: 2.0564664 | V11: 3.005787 | W11: 1.0140309e-06 | Y11: 3454409.3 | Z11: 83583.261 | AB11: =SUM(Y11:Z11) -> 3537992.6
A12: RoW | B12: Goods | E12: Mton | O12: 0.00039488973 | P12: 0.13987705 | Q12: 0.51737764 | R12: 0.4 | S12: 1.2466997e-05 | T12: 0.012049568 | U12: 0.32560213 | V12: 0.54994051 | W12: 6.9815059e-05 | Y12: 585.78789 | Z12: 7478.1973 | AB12: =SUM(Y12:Z12) -> 8063.9851
B13: Services | E13: G€ | O13: 3.1023562e-07 | P13: 1.764837e-05 | Q13: 9.8309999e-06 | R13: 9.8309999e-06 | S13: 4.1399414e-10 | T13: 5.8021191e-06 | U13: 8.7224283e-05 | V13: 6.5546677e-05 | W13: 1.8183214e-09 | Y13: 0.31707359 | Z13: 30.342105 | AB13: =SUM(Y13:Z13) -> 30.659178
B14: Steel | E14: Mton | O14: 6.0084534e-06 | P14: 0.0079615617 | Q14: 0.017867084 | R14: 0.017867084 | S14: 0 | T14: 7.9322198e-05 | U14: 0.018865912 | V14: 0.24692995 | W14: 0 | Y14: 0.605435 | Z14: 38.459047 | AB14: =SUM(Y14:Z14) -> 39.064482
B15: Electricity | E15: TJ | O15: 0.052307961 | P15: 10.312563 | Q15: 3.1295127 | R15: 5 | S15: 7.1287165e-06 | T15: 6.0507067 | U15: 455.66802 | V15: 327.0202 | W15: 0.048434763 | Y15: 50504.88 | Z15: 20969440 | AB15: =SUM(Y15:Z15) -> 21019945
F16: d_new
A17: EU27 | C17: Services | E17: - | F17: {='Ex. 3a,b'!F17:G25} -> 0.18943246 | G17: 0.93981212 | H17: {='Ex. 3a,b'!H17:H18} -> 0 | I17: {='Ex. 3a,b'!I17:M25} -> 0.091786105 | J17: 0 | K17: 0 | L17: 0 | M17: 0
C18: Other industries | E18: - | F18: 0.81056754 | G18: 0.060187876 | H18: 0 | I18: 0 | J18: 0 | K18: 0 | L18: 0 | M18: 0
C19: Traditional steelmaking | E19: - | F19: 0 | G19: 0 | H19: =1-H20 -> 0.71873428 | I19: 0 | J19: 0 | K19: 0 | L19: 0 | M19: 0
C20: Green steelmaking | E20: - | F20: 0 | G20: 0 | H20: 0.28126572 | I20: 0 | J20: 0 | K20: 0 | L20: 0 | M20: 0
C21: Electricity | E21: - | F21: 0 | G21: 0 | H21: {='Ex. 3a,b'!H21:H25} -> 0 | I21: 0.9082139 | J21: 0 | K21: 0 | L21: 0 | M21: 0
A22: RoW | C22: Services | E22: - | F22: 0 | G22: 0 | H22: 0 | I22: 0 | J22: 0.15854983 | K22: 0.94030067 | L22: 0 | M22: 0.034721038
C23: Other industries | E23: - | F23: 0 | G23: 0 | H23: 0 | I23: 0 | J23: 0.81519142 | K23: 0.059699327 | L23: 0 | M23: 0
C24: Average steelmaking | E24: - | F24: 0 | G24: 0 | H24: 0 | I24: 0 | J24: 0.026092893 | K24: 0 | L24: 1 | M24: 0
C25: Electricity | E25: - | F25: 0 | G25: 0 | H25: 0 | I25: 0 | J25: 0.00016586031 | K25: 0 | L25: 0 | M25: 0.96527896
D27: Value added | E27: G€ | N27: r | O27: {='Ex. 3a,b'!O27:W28} -> 9.3327696e-06 | P27: 0.00033615484 | Q27: 0.00013445362 | R27: 0.00020168043 | S27: 8.6675066e-09 | T27: 1.2344967e-05 | U27: 0.00017106332 | V27: 0.00010443155 | W27: 6.0114501e-09 | Y27: R_Y
D28: GHG | E28: Mton | O28: 0.0010966822 | P28: 0.16146899 | Q28: 0.75858537 | R28: 0.3 | S28: 7.4601803e-05 | T28: 0.002717605 | U28: 0.24096643 | V28: 0.67546414 | W28: 0.00013706389 | Y28: {='Ex. 3a,b'!Y28:Z28} -> 796.06386 | Z28: 3424.6899
F30: w_pp = inv(I - ud) | O30: U = u diag(X) | AB30: Q = wY_tot
A31: EU27 | B31: Goods | E31: Mton | F31: {=MINVERSE(_xlfn.MUNIT(8)-MMULT(O8:W15,F17:M25))} -> 1.7700211 | G31: 0.065616671 | H31: 0.56563786 | I31: 0.00093615081 | J31: 0.024388025 | K31: 0.0022769183 | L31: 0.044200687 | M31: 2.4873428e-05 | O31: {=MMULT(O8:W15,_xlfn.MUNIT(9)*AB40:AB48)} -> 2837.2382 | P31: 1266.0678 | Q31: 20.020426 | R31: 5.9401847 | S31: 328.167 | T31: 159.60749 | U31: 143.81707 | V31: 12.651534 | W31: 17.522794 | AB31: {=MMULT(F31:M38,AB8:AB15)} -> 5772.1889
B32: Services | E32: G€ | F32: 0.00076176183 | G32: 1.0000662 | H32: 0.00058740387 | I32: 1.0266529e-06 | J32: 2.6156827e-05 | K32: 2.5084622e-06 | L32: 4.503096e-05 | M32: 2.8790117e-08 | O32: 3.6922527 | P32: 1.0191379 | Q32: 0.018291927 | R32: 0.0071582674 | S32: 0.041940594 | T32: 0.2856219 | U32: 0.12573837 | V32: 0.0064765143 | W32: 0.0032032557 | AB32: 13.839812
B33: Steel | E33: Mton | F33: 0.037298678 | G33: 0.0029649285 | H33: 1.1218332 | I33: 2.1548558e-05 | J33: 0.0023790914 | K33: 0.00020383405 | L33: 0.0078347307 | M33: 1.9287934e-06 | O33: 9.0607966 | P33: 104.48484 | Q33: 12.356508 | R33: 4.8355314 | S33: 0 | T33: 5.9212331 | U33: 25.945022 | V33: 10.632695 | W33: 0 | AB33: 175.99563
B34: Electricity | E34: TJ | F34: 1033.7999 | G34: 85.881101 | H34: 746.15879 | I34: 2.0138466 | J34: 22.640511 | K34: 2.0866615 | L34: 42.878538 | M34: 0.021967046 | O34: 2486053.3 | P34: 2260942.6 | Q34: 29628.326 | R34: 14850.462 | S34: 309912.52 | T34: 51923.277 | U34: 87228.413 | V34: 9566.1835 | W34: 54.699555 | AB34: 8788152.4
A35: RoW | B35: Goods | E35: Mton | F35: 0.65971943 | G35: 0.053538705 | H35: 1.5161064 | I35: 0.00051983336 | J35: 2.2559162 | K35: 0.12140686 | L35: 2.3053593 | M35: 0.0014868165 | O35: 318.96693 | P35: 654.56612 | Q35: 65.445215 | R35: 19.800616 | S35: 99.505615 | T35: 23479.889 | U35: 13810.952 | V35: 1750.2344 | W35: 3766.012 | AB35: 52029.356
B36: Services | E36: G€ | F36: 0.00018422071 | G36: 1.5243155e-05 | H36: 0.00032604611 | I36: 1.7311443e-07 | J36: 0.00041330818 | K36: 1.0000422 | L36: 0.00062950669 | M36: 5.4698852e-07 | O36: 0.2505887 | P36: 0.082586993 | Q36: 0.0012435634 | R36: 0.00048664962 | S36: 0.0033043034 | T36: 11.306058 | U36: 3.6997618 | V36: 0.20860811 | W36: 0.098085142 | AB36: 46.309902
B37: Steel | E37: Mton | F37: 0.03733684 | G37: 0.0030051452 | H37: 0.079001229 | I37: 2.6186384e-05 | J37: 0.070035865 | K37: 0.0055392749 | L37: 1.4019192 | M37: 5.1178273e-05 | O37: 4.8532484 | P37: 37.25678 | Q37: 2.2600805 | R37: 0.88444813 | S37: 0 | T37: 154.5679 | U37: 800.22879 | V37: 785.87645 | W37: 0 | AB37: 1824.9922
B38: Electricity | E38: TJ | F38: 381.41918 | G38: 30.977867 | H38: 828.66021 | I38: 0.30167789 | J38: 1187.6676 | K38: 108.97389 | L38: 1799.4849 | M38: 2.1307337 | O38: 42251.061 | P38: 48258.485 | Q38: 395.86488 | R38: 247.50769 | S38: 56.898008 | T38: 11790458 | U38: 19327910 | V38: 1040770.8 | W38: 2612701.3 | AB38: 55882995
F39: V = d diag(Q) | O39: w_tt = inv(I-du) | AB39: X = dQ
A40: EU27 | C40: Services | E40: - | F40: {=MMULT(F17:M25,_xlfn.MUNIT(8)*AB31:AB38)} -> 1093.44 | G40: 13.006823 | H40: 0 | I40: 806630.27 | J40: 0 | K40: 0 | L40: 0 | M40: 0 | O40: {=MINVERSE(_xlfn.MUNIT(9)-MMULT(F17:M25,O8:W15))} -> 1.9057044 | P40: 117.0334 | Q40: 66.264609 | R40: 74.548953 | S40: 0.011125412 | T40: 0.050578044 | U40: 2.4188153 | V40: 3.9440693 | W40: 0.0002744142 | AB40: {=MMULT(F17:M25,AB31:AB38)} -> 807736.72
C41: Other industries | E41: - | F41: 4678.749 | G41: 0.8329889 | H41: 0 | I41: 0 | J41: 0 | K41: 0 | L41: 0 | M41: 0 | O41: 0.0073901391 | P41: 1.7683505 | Q41: 0.4605707 | R41: 0.45329055 | S41: 8.8705058e-05 | T41: 0.0005022225 | U41: 0.023007075 | V41: 0.035830352 | W41: 2.8236806e-06 | AB41: 4679.582
C42: Traditional steelmaking | E42: - | F42: 0 | G42: 0 | H42: 126.49409 | I42: 0 | J42: 0 | K42: 0 | L42: 0 | M42: 0 | O42: 0.0001516687 | P42: 0.033037478 | Q42: 1.0876235 | R42: 0.087418055 | S42: 1.7249333e-06 | T42: 3.4498419e-05 | U42: 0.0019106352 | V42: 0.0056310895 | W42: 1.9524819e-07 | AB42: 126.49409
C43: Green steelmaking | F43: 0 | G43: 0 | H43: 49.501539 | I43: 0 | J43: 0 | K43: 0 | L43: 0 | M43: 0 | O43: 5.9353238e-05 | P43: 0.012928714 | Q43: 0.034290115 | R43: 1.0342097 | S43: 6.7502639e-07 | T43: 1.3500431e-05 | U43: 0.000747698 | V43: 0.0022036412 | W43: 7.6407407e-08 | AB43: 49.501539
C44: Electricity | E44: - | F44: 0 | G44: 0 | H44: 0 | I44: 7981522.1 | J44: 0 | K44: 0 | L44: 0 | M44: 0 | O44: 8.9446657 | P44: 1156.2479 | Q44: 654.61102 | R44: 736.60025 | S44: 1.109879 | T44: 0.49929637 | U44: 23.880441 | V44: 38.942884 | W44: 0.0027087378 | AB44: 7981522.1
A45: RoW | C45: Services | E45: - | F45: 0 | G45: 0 | H45: 0 | I45: 0 | J45: 8249.2454 | K45: 43.545232 | L45: 0 | M45: 1940315.6 | O45: 0.10039599 | P45: 16.444063 | Q45: 30.295196 | R45: 25.735208 | S45: 0.0014778399 | T45: 1.9567473 | U45: 48.632795 | V45: 62.84609 | W45: 0.0065030295 | AB45: 1948608.4
C46: Other industries | E46: - | F46: 0 | G46: 0 | H46: 0 | I46: 0 | J46: 42413.885 | K46: 2.7646699 | L46: 0 | M46: 0 | O46: 0.0040084063 | P46: 0.66255959 | Q46: 1.2939625 | R46: 1.087659 | S46: 6.1503165e-05 | T46: 0.029702491 | U46: 2.1900148 | V46: 1.8793467 | W46: 0.00018727374 | AB46: 42416.649
C47: Average steelmaking | E47: - | F47: 0 | G47: 0 | H47: 0 | I47: 0 | J47: 1357.5964 | K47: 0 | L47: 1824.9922 | M47: 0 | O47: 0.0003797026 | P47: 0.067210809 | Q47: 0.12262086 | R47: 0.10818602 | S47: 5.3940139e-06 | T47: 0.0022194978 | U47: 0.1108913 | V47: 1.4620726 | W47: 1.3374736e-05 | AB47: 3182.5886
C48: Electricity | E48: - | F48: 0 | G48: 0 | H48: 0 | I48: 0 | J48: 8.6296051 | K48: 0 | L48: 0 | M48: 53942680 | O48: 2.7693904 | P48: 453.57283 | Q48: 835.23112 | R48: 709.57554 | S48: 0.040752345 | T48: 26.437549 | U48: 1345.5927 | V48: 1737.0053 | W48: 1.1797766 | AB48: 53942688
D50: Value added | E50: G€ | N50: R = r diag(X) | O50: {=MMULT(O27:W28,_xlfn.MUNIT(9)*AB40:AB48)} -> 7.5384207 | P50: 1.5730641 | Q50: 0.017007589 | R50: 0.0099834918 | S50: 0.069179895 | T50: 24.055507 | U50: 7.2559329 | V50: 0.33236268 | W50: 0.32427378 | AB50: R_tot
D51: GHG | E51: Mton | O51: 885.8305 | P51: 755.60738 | Q51: 95.956569 | R51: 14.850462 | S51: 595.43594 | T51: 5295.5479 | U51: 10220.989 | V51: 2149.7245 | W51: 7393.5949 | AB51: =SUM(O51:W51,Y28:Z28) -> 31628.29
AB53: baseline | AF53: green steel | AJ53: offshoring | AN53: optimal | AR53: green steel - baseline | AV53: offshoring-baseline | AZ53: optimal-baseline
AB54: EU27 | AC54: RoW | AF54: EU27 | AG54: RoW | AJ54: EU27 | AK54: RoW | AN54: EU27 | AO54: RoW | AR54: EU27 | AS54: RoW | AV54: EU27 | AW54: RoW | AZ54: EU27 | BA54: RoW | BC54: max increase in domestic price
D55: Prices | E55: G€ | F55: {=MMULT(MMULT(O27:W28,F17:M25),F31:M38)} -> 0.0016495609 | G55: 0.00014318709 | H55: 0.0015590072 | I55: 2.2097413e-06 | J55: 0.00087505988 | K55: 8.9699798e-05 | L55: 0.0013108414 | M55: 1.1714227e-06 | N55: r_e = r d w_pp | Z55: €/ton | AB55: {='Ex. 3a,b'!AB55:AC56} -> 1.5435715 | AC55: 1.3107336 | AF55: {='Ex. 3c'!AF55:AG56} -> 1.5655226 | AG55: 1.3108869 | AJ55: {='Ex. 3d'!AJ55:AK56} -> 1.5180902 | AK55: 1.309096 | AN55: =H55*1000 -> 1.5590072 | AO55: =L55*1000 -> 1.3108414 | AR55: {=(AF55:AG56-AB55:AC56)/AB55:AC56} -> 0.014220945 | AS55: 0.00011695979 | AV55: {=(AJ55:AK56-AB55:AC56)/AB55:AC56} -> -0.016508003 | AW55: -0.0012493348 | AZ55: {=(AN55:AO56-AB55:AC56)/AB55:AC56} -> 0.010000001 | BA55: 8.2244743e-05 | BC55: 0.01
D56: GHG | E56: Mton | F56: 0.68280851 | G56: 0.056217006 | H56: 1.4725102 | I56: 0.00067302738 | J56: 0.80889242 | K56: 0.072202299 | L56: 1.8672575 | M56: 0.00084461814 | Z56: ton/ton | AB56: 1.6409606 | AC56: 1.8684339 | AF56: 1.4014082 | AG56: 1.8667609 | AJ56: 1.6658548 | AK56: 1.8700337 | AN56: =H56 -> 1.4725102 | AO56: =L56 -> 1.8672575 | AR56: -0.14598301 | AS56: -0.00089540293 | AV56: 0.0151705 | AW56: 0.00085623358 | AZ56: -0.10265353 | BA56: -0.00062963675
AB58: baseline | AF58: green steel | AJ58: offshoring | AN58: offshoring | AR58: green steel - baseline | AV58: offshoring-baseline | AZ58: offshoring-baseline
AB59: EU27 | AD59: RoW | AF59: EU27 | AH59: RoW | AJ59: EU27 | AL59: RoW | AN59: EU27 | AP59: RoW | AR59: EU27 | AT59: RoW | AV59: EU27 | AX59: RoW | AZ59: EU27 | BB59: RoW
AB60: trad | AC60: green | AD60: avg | AF60: trad | AG60: green | AH60: avg | AJ60: trad | AK60: green | AL60: avg | AN60: trad | AO60: green | AP60: avg | AR60: trad | AS60: green | AT60: avg | AV60: trad | AW60: green | AX60: avg | AZ60: trad | BA60: green | BB60: avg
D61: Prices | E61: G€ | N61: r_e = r w_tt | O61: {=MMULT(O27:W28,O40:W48)} -> 2.2361e-05 | P61: 0.0020298432 | Q61: 0.001545249 | R61: 0.0015941645 | S61: 1.7321059e-07 | T61: 3.0280247e-05 | U61: 0.0010255938 | V61: 0.0013108414 | W61: 1.2437964e-07 | Z61: €/ton | AB61: {='Ex. 3a,b'!AB73:AD74} -> 1.5435715 | AC61: 1.592491 | AD61: 1.3107336 | AF61: {='Ex. 3c'!AF61:AH62} -> 1.545957 | AG61: 1.5948709 | AH61: 1.3108869 | AJ61: {='Ex. 3d'!AJ61:AL62} -> 1.5180902 | AK61: 1.5670694 | AL61: 1.309096 | AN61: =Q61*1000 -> 1.545249 | AO61: =R61*1000 -> 1.5941645 | AP61: =V61*1000 -> 1.3108414 | AR61: {=(AF61:AH62-AB61:AD62)/AB61:AD62} -> 0.0015454406 | AS61: 0.0014944546 | AT61: 0.00011695979 | AV61: {=(AJ61:AL62-AB61:AD62)/AB61:AD62} -> -0.016508003 | AW61: -0.015963385 | AX61: -0.0012493348 | AZ61: {=(AN61:AP62-AB61:AD62)/AB61:AD62} -> 0.0010867355 | BA61: 0.0010508828 | BB61: 8.2244743e-05
D62: GHG | E62: Mton | O62: 0.0059581652 | P62: 0.8409908 | Q62: 1.6226545 | R62: 1.088838 | S62: 0.00013889967 | T62: 0.017801824 | U62: 0.92904285 | V62: 1.8672575 | W62: 0.00023466827 | Z62: ton/ton | AB62: 1.6409606 | AC62: 1.1071011 | AD62: 1.8684339 | AF62: 1.6149276 | AG62: 1.0811292 | AH62: 1.8667609 | AJ62: 1.6658548 | AK62: 1.131937 | AL62: 1.8700337 | AN62: =Q62 -> 1.6226545 | AO62: =R62 -> 1.088838 | AP62: =V62 -> 1.8672575 | AR62: -0.015864492 | AS62: -0.023459442 | AT62: -0.00089540293 | AV62: 0.0151705 | AW62: 0.02243321 | AX62: 0.00085623358 | AZ62: -0.011155723 | BA62: -0.016496402 | BB62: -0.00062963675
AT65: Carbon footprint of EU27 steel in the optimal case is 1.47 ton/ton
